종목코드 , 회사명, 배당기록 
018260, 삼성에스디에스,2012년:250 2013년:250 2014년:500 2015년:500 
215200, 메가스터디교육,-년:- -년:- -년:- 2015년:1200 
001820, 삼화콘덴서,2012년:50 2013년:50 2014년:50 2015년:50 
000970, 한국주철관,2013년:175 2014년:150 2015년:125 2016년:150 
024940, PN풍년,2012년:25 2013년:25 2014년:25 2015년:25 
068760, 셀트리온제약,2012년:- 2013년:- 2014년:25 2015년:15 
101670, 코리아에스이,2012년:80 2013년:80 2014년:30 2015년:120 
088130, 동아엘텍,2012년:75 2013년:105 2014년:105 2015년:130 
032560, 황금에스티,2012년:50 2013년:50 2014년:50 2015년:25 
006040, 동원산업,2012년:3000 2013년:3000 2014년:2000 2015년:2000 
010770, 평화홀딩스,2012년:100 2013년:100 2014년:100 2015년:100 
006280, 녹십자,2012년:1250 2013년:1250 2014년:1250 2015년:1750 
007370, 진양제약,2012년:100 2013년:100 2014년:100 2015년:100 
005190, 동성화학,2012년:160 2013년:250 2014년:250 2015년:500 
053270, 구영테크,2012년:- 2013년:- 2014년:- 2015년:100 
136540, 윈스,2012년:200 2013년:200 2014년:200 2015년:240 
131090, 시큐브,2012년:60 2013년:- 2014년:- 2015년:114 
047810, 한국항공우주,2012년:200 2013년:200 2014년:250 2015년:400 
081970, 한솔넥스지,2012년:- 2013년:20 2014년:20 2015년:20 
009310, 참엔지니어링,2012년:- 2013년:- 2014년:- 2015년:- 
045890, 동부라이텍,2012년:- 2013년:- 2014년:- 2015년:- 
001810, 무림SP,2012년:80 2013년:50 2014년:35 2015년:35 
002900, 동양물산,2012년:150 2013년:150 2014년:100 2015년:150 
024950, 삼천리자전거,2012년:150 2013년:150 2014년:200 2015년:200 
101680, 한국정밀기계,2011년:200 2012년:- 2013년:- 2014년:- 
066570, LG전자,2012년:200 2013년:200 2014년:400 2015년:400 
089470, 현대EP,2012년:60 2013년:80 2014년:100 2015년:130 
000720, 현대건설,2012년:500 2013년:500 2014년:500 2015년:500 
089230, 용현BM,2012년:- 2013년:- 2014년:- 2015년:- 
054340, 피앤텔,2012년:- 2013년:- 2014년:- 2015년:- 
900140, 코라오홀딩스,2012년:14 2013년:14 2014년:20 2015년:100 
033660, 아주캐피탈,2012년:300 2013년:250 2014년:300 2015년:400 
032580, 피델릭스,2011년:30 2012년:30 2013년:30 2014년:- 
009780, 엠에스씨,2012년:450 2013년:450 2014년:450 2015년:450 
005180, 빙그레,2012년:1400 2013년:1250 2014년:1250 2015년:1250 
028080, 휴맥스홀딩스,2012년:150 2013년:100 2014년:100 2015년:100 
173940, 에프엔씨엔터,2012년:- 2013년:- 2014년:400 2015년:400 
012700, 리드코프,2012년:100 2013년:100 2014년:100 2015년:150 
204320, 만도,-년:- -년:- 2014년:2000 2015년:4800 
035600, KG이니시스,2012년:125 2013년:150 2014년:200 2015년:200 
053260, 금강철강,2012년:100 2013년:100 2014년:100 2015년:100 
079430, 현대리바트,2012년:60 2013년:60 2014년:80 2015년:80 
004090, 한국석유,2012년:750 2013년:1000 2014년:1000 2015년:1300 
104700, 한국철강,2012년:900 2013년:900 2014년:900 2015년:900 
195990, 유지인트,2012년:345 2013년:345 2014년:345 2015년:140 
137400, 피엔티,2009년:60 2012년:200 2013년:- 2014년:100 
048910, 대원미디어,2012년:- 2013년:- 2014년:- 2015년:- 
009300, 삼아제약,2012년:200 2013년:200 2014년:200 2015년:200 
046970, 우리로광통신,2012년:25 2013년:- 2014년:- 2015년:- 
009540, 현대중공업,2011년:4000 2012년:2500 2013년:2000 2014년:- 
021650, 한국큐빅,2012년:75 2013년:50 2014년:50 2015년:50 
090470, 제이스텍,2012년:50 2013년:- 2014년:50 2015년:50 
001840, 이화공영,2012년:- 2013년:- 2014년:35 2015년:35 
122350, 삼기오토모티브,2012년:50 2013년:70 2014년:70 2015년:90 
214370, 케어젠,2012년:- 2013년:- 2014년:- 2015년:600 
032540, TJ미디어,2012년:130 2013년:80 2014년:- 2015년:100 
006060, 화승인더,2012년:25 2013년:- 2014년:- 2015년:25 
035810, 이지바이오,2012년:50 2013년:50 2014년:50 2015년:50 
126700, 하이비젼시스템,2012년:- 2013년:110 2014년:50 2015년:50 
014910, 성문전자,2012년:5 2013년:5 2014년:- 2015년:- 
028050, 삼성엔지니어링,2012년:3000 2013년:- 2014년:- 2015년:- 
066310, 큐에스아이,2012년:- 2013년:50 2014년:- 2015년:50 
101400, 네오피델리티,2011년:30 2012년:- 2013년:- 2014년:- 
134380, 미원화학,2012년:- 2013년:- 2014년:400 2015년:1250 
083930, 아바코,2012년:- 2013년:- 2014년:50 2015년:50 
080420, 모다이노칩,2012년:150 2013년:150 2014년:200 2015년:100 
002920, 유성기업,2012년:130 2013년:130 2014년:130 2015년:120 
044780, 한광,2011년:20 2012년:20 2013년:- 2014년:- 
023600, 삼보판지,2012년:- 2013년:- 2014년:50 2015년:50 
016090, 대현,2012년:16 2013년:23 2014년:17 2015년:35 
000500, 가온전선,2012년:600 2013년:1000 2014년:600 2015년:600 
089010, 켐트로닉스,2012년:265 2013년:425 2014년:25 2015년:50 
017180, 명문제약,2012년:- 2013년:31 2014년:35 2015년:35 
095910, 에스에너지,2012년:100 2013년:100 2014년:100 2015년:100 
900120, 씨케이에이치,2013년:- 2014년:- 2015년:- 2016년:2 
034730, SK,2012년:1250 2013년:1500 2014년:2000 2015년:3400 
033640, 네패스,2012년:100 2013년:- 2014년:- 2015년:50 
094820, 일진파워,2012년:130 2013년:150 2014년:170 2015년:170 
010780, 아이에스동서,2012년:- 2013년:- 2014년:400 2015년:500 
008470, 부스타,2012년:100 2013년:100 2014년:90 2015년:100 
006050, 국영지앤엠,2012년:20 2013년:- 2014년:15 2015년:- 
013810, 스페코,2012년:- 2013년:- 2014년:- 2015년:50 
123420, 선데이토즈,2012년:- 2013년:50 2014년:- 2015년:- 
065450, 빅텍,2011년:- 2012년:- 2013년:- 2014년:- 
082850, 우리이티아이,2012년:50 2013년:25 2014년:25 2015년:- 
017370, 우신시스템,2012년:60 2013년:20 2014년:20 2015년:30 
065690, 대진디엠피,2012년:- 2013년:- 2014년:- 2015년:- 
038070, 서린바이오,2012년:173 2013년:150 2014년:159 2015년:156 
091340, S&K폴리텍,2011년:150 2012년:150 2013년:- 2014년:- 
024900, 덕양산업,2012년:628 2013년:3876 2014년:40 2015년:20 
215000, 골프존,-년:- -년:- -년:- 2015년:4000 
091580, 상신이디피,2012년:50 2013년:50 2014년:50 2015년:50 
023810, 인팩,2012년:100 2013년:130 2014년:140 2015년:140 
214390, 경보제약,2012년:1750 2013년:3000 2014년:3000 2015년:275 
900110, 이스트아시아홀딩스,2012년:50 2013년:10 2014년:10 2015년:10 
093520, 매커스,2012년:- 2013년:- 2014년:- 2015년:80 
094850, 참좋은레져,2012년:100 2013년:100 2014년:100 2015년:100 
031430, 신세계인터내셔날,2012년:600 2013년:600 2014년:600 2015년:600 
071970, STX중공업,2012년:125 2013년:- 2014년:- 2015년:- 
005390, 신성통상,2012년:5 2013년:- 2014년:- 2015년:- 
007570, 일양약품,2013년:100 2014년:100 2015년:- 2015년:- 
131290, 티에스이,2011년:50 2012년:- 2013년:- 2014년:- 
064350, 현대로템,-년:- -년:- 2013년:125 2014년:- 
008420, 문배철강,2012년:50 2013년:50 2014년:50 2015년:50 
043650, 국순당,2012년:90 2013년:45 2014년:50 2015년:50 
007330, 푸른저축은행,2012년:- 2013년:- 2014년:- 2015년:300 
021880, 한국종합캐피탈,2013년:- 2014년:- 2015년:- 2016년:- 
089030, 테크윙,2012년:110 2013년:120 2014년:200 2015년:220 
101240, 씨큐브,2012년:- 2013년:- 2014년:100 2015년:100 
105840, 우진,2012년:60 2013년:130 2014년:170 2015년:200 
065680, 우주일렉트로,2012년:100 2013년:200 2014년:250 2015년:250 
101000, 디엠씨,2012년:- 2013년:- 2014년:25 2015년:30 
128940, 한미약품,2012년:- 2013년:- 2014년:- 2015년:2000 
024910, 경창산업,2012년:55 2013년:100 2014년:80 2015년:50 
053210, 스카이라이프,2012년:350 2013년:455 2014년:350 2015년:350 
054540, 삼영엠텍,2012년:120 2013년:80 2014년:- 2015년:80 
053450, 세코닉스,2012년:115 2013년:300 2014년:100 2015년:200 
031440, 신세계푸드,2012년:750 2013년:750 2014년:750 2015년:500 
034950, 한국기업평가,2012년:2197 2013년:1778 2014년:1682 2015년:1537 
030350, 드래곤플라이,2012년:100 2013년:- 2014년:- 2015년:- 
019540, 일지테크,2012년:50 2013년:60 2014년:100 2015년:100 
094840, 슈프리마,2012년:- 2013년:- 2014년:- 2015년:- 
005380, 현대차,2012년:1900 2013년:1950 2014년:3000 2015년:4000 
078140, 대봉엘에스,2012년:50 2013년:50 2014년:50 2015년:50 
010960, 삼호개발,2012년:90 2013년:90 2014년:100 2015년:100 
011810, STX,2012년:125 2013년:- 2014년:- 2015년:- 
068940, 아이씨케이,2011년:70 2012년:- 2013년:- 2014년:- 
020760, 일진디스플,2011년:100 2012년:200 2013년:200 2014년:100 
192440, 슈피겐코리아,2012년:400 2013년:440 2014년:660 2015년:600 
017390, 서울가스,2012년:1250 2013년:1250 2014년:1500 2015년:1750 
001800, 오리온,2012년:3000 2013년:3000 2014년:6000 2015년:6000 
136510, 쎄미시스코,2012년:- 2013년:20 2014년:20 2015년:20 
091120, 이엠텍,2011년:- 2012년:- 2013년:- 2014년:- 
100120, 뷰웍스,2012년:100 2013년:100 2014년:100 2015년:100 
138930, BNK금융지주,2012년:330 2013년:280 2014년:200 2015년:150 
000950, 전방,2011년:- 2012년:- 2013년:- 2014년:- 
115610, 이미지스,2011년:50 2012년:- 2013년:- 2014년:- 
033830, 티비씨,2012년:60 2013년:200 2014년:150 2015년:150 
095720, 웅진씽크빅,2011년:410 2012년:- 2013년:- 2014년:- 
009770, 삼정펄프,2012년:800 2013년:1000 2014년:1000 2015년:1250 
006260, LS,2012년:1250 2013년:1250 2014년:1250 2015년:1250 
004080, 신흥,2012년:200 2013년:200 2014년:200 2015년:200 
192410, 감마누,-년:- -년:- -년:- 2014년:200 
007590, 동방아그로,2012년:185 2013년:200 2014년:200 2015년:220 
079000, 와토스코리아,2012년:165 2013년:- 2014년:150 2015년:150 
053690, 한미글로벌,2012년:200 2013년:200 2014년:250 2015년:250 
085910, 네오티스,2012년:350 2013년:350 2014년:350 2015년:350 
082640, 동양생명,2013년:350 2013년:200 2014년:550 2015년:620 
044960, 이-글 벳,2012년:60 2013년:60 2014년:60 2015년:60 
134580, 디엠티,2012년:- 2013년:100 2014년:70 2015년:65 
068930, 디지털대성,2012년:100 2013년:120 2014년:160 2015년:160 
018470, 조일알미늄,2012년:20 2013년:15 2014년:- 2015년:15 
038060, 루멘스,2011년:- 2012년:- 2013년:- 2014년:25 
092440, 기신정기,2013년:200 2014년:200 2015년:200 2016년:150 
000700, 유수홀딩스,2012년:- 2013년:- 2014년:- 2015년:75 
100130, 동국S&C,2012년:70 2013년:70 2014년:70 2015년:100 
091590, 남화토건,2012년:150 2013년:100 2014년:100 2015년:70 
023800, 인지컨트롤스,2012년:100 2013년:100 2014년:100 2015년:150 
214180, 민앤지,-년:- -년:- 2014년:- 2015년:350 
033600, 이젠텍,2011년:100 2012년:100 2013년:- 2014년:- 
092200, 디아이씨,2011년:50 2012년:50 2013년:50 2014년:- 
056700, 신화인터텍,2011년:- 2012년:- 2013년:- 2014년:- 
032750, 삼진,2012년:100 2013년:100 2014년:100 2015년:120 
080470, 성창오토텍,2012년:80 2013년:80 2014년:50 2015년:50 
005160, 동국산업,2012년:120 2013년:120 2014년:120 2015년:140 
151910, 나노스,2012년:100 2013년:125 2014년:150 2015년:- 
028260, 삼성물산,2012년:- 2013년:- 2014년:- 2015년:500 
041460, 한국전자인증,2012년:33 2013년:38 2014년:39 2015년:42 
009520, 포스코엠텍,2012년:75 2013년:50 2014년:- 2015년:50 
007340, 동아타이어,2012년:75 2013년:100 2014년:150 2015년:250 
067830, 세이브존I&C,2012년:30 2013년:30 2014년:30 2015년:30 
020180, 대신정보통신,2013년:- 2014년:- 2015년:15 2016년:15 
001420, 태원물산,2012년:100 2013년:84 2014년:80 2015년:90 
102120, 어보브반도체,2012년:35 2013년:50 2014년:40 2015년:40 
099660, 신텍,2012년:- 2013년:- 2014년:- 2015년:- 
105630, 한세실업,2012년:120 2013년:150 2014년:200 2015년:250 
091700, 파트론,2012년:300 2013년:300 2014년:250 2015년:250 
038950, 파인디지털,2012년:100 2013년:100 2014년:100 2015년:100 
090850, 이지웰페어,2012년:- 2013년:50 2014년:75 2015년:75 
079810, 디이엔티,2011년:- 2012년:- 2013년:- 2014년:- 
010140, 삼성중공업,2012년:500 2013년:500 2014년:250 2015년:- 
161570, 미동전자통신,2012년:- 2013년:- 2014년:50 2015년:- 
036530, S&T홀딩스,2012년:400 2013년:400 2014년:215 2015년:265 
115440, 우리넷,2012년:160 2013년:150 2014년:150 2015년:150 
009150, 삼성전기,2012년:1000 2013년:750 2014년:750 2015년:500 
034590, 인천도시가스,2012년:1250 2013년:1250 2014년:1250 2015년:1250 
008060, 대덕전자,2012년:300 2013년:300 2014년:300 2015년:300 
002760, 보락,2012년:40 2013년:20 2014년:70 2015년:30 
023460, CNH,2012년:25 2013년:20 2014년:50 2015년:15 
025880, 케이씨피드,2012년:45 2013년:40 2014년:25 2015년:35 
049830, 승일,2011년:85 2012년:85 2013년:85 2014년:85 
000320, 노루홀딩스,2012년:350 2013년:400 2014년:400 2015년:400 
019180, 티에이치엔,2012년:40 2013년:40 2014년:20 2015년:60 
097230, 한진중공업,2012년:- 2013년:- 2014년:- 2015년:- 
099410, 동방선기,2011년:- 2012년:- 2013년:- 2014년:- 
051910, LG화학,2012년:4000 2013년:4000 2014년:4000 2015년:4500 
003830, 대한화섬,2011년:750 2012년:750 2013년:750 2014년:- 
084180, 수성,2012년:70 2013년:70 2014년:70 2015년:70 
222800, 심텍,-년:- -년:- -년:- 2015년:260 
014970, 삼륭물산,2012년:50 2013년:50 2014년:50 2015년:50 
126560, 현대에이치씨엔,2012년:40 2013년:40 2014년:40 2015년:40 
010130, 고려아연,2012년:5000 2013년:5000 2014년:6500 2015년:8500 
036540, STS반도체,2012년:- 2013년:- 2014년:- 2015년:- 
012790, 신일제약,2012년:80 2013년:90 2014년:120 2015년:120 
035200, 프럼파스트,2012년:- 2013년:- 2014년:100 2015년:100 
037620, 미래에셋증권,2013년:1000 2013년:350 2014년:350 2015년:350 
010120, LS산전,2012년:1000 2013년:1100 2014년:1300 2015년:1000 
034120, SBS,2012년:600 2013년:600 2014년:- 2015년:750 
009140, 경인전자,2012년:350 2013년:350 2014년:350 2015년:350 
011210, 현대위아,2012년:500 2013년:500 2014년:800 2015년:1100 
033270, 유나이티드제약,2012년:120 2013년:50 2014년:200 2015년:220 
170030, 현대공업,2012년:96 2013년:80 2014년:90 2015년:66 
021050, 서원,2012년:50 2013년:- 2014년:- 2015년:- 
025890, 한국주강,2011년:- 2012년:- 2013년:- 2014년:- 
171120, 라이온켐텍,2012년:100 2013년:200 2014년:110 2015년:200 
101490, 에스앤에스텍,2012년:50 2013년:- 2014년:- 2015년:- 
022100, 포스코 ICT,2011년:25 2012년:25 2013년:50 2014년:50 
026940, 부국철강,2012년:75 2013년:75 2014년:75 2015년:75 
067010, 이씨에스,2013년:180 2014년:200 2015년:220 2016년:250 
099440, 스맥,2012년:20 2013년:40 2014년:40 2015년:50 
005800, 신영와코루,2012년:1500 2013년:1500 2014년:1500 2015년:1500 
088790, 진도,2012년:- 2013년:- 2014년:- 2015년:150 
051900, LG생활건강,2012년:3750 2013년:3750 2014년:4000 2015년:5500 
004710, 한솔테크닉스,2011년:- 2012년:- 2013년:- 2014년:- 
123040, 엠에스오토텍,2012년:75 2013년:75 2014년:75 2015년:75 
056360, 코위버,2012년:60 2013년:100 2014년:130 2015년:100 
033240, 자화전자,2012년:300 2013년:350 2014년:400 2015년:400 
140410, 메지온,2011년:- 2012년:25 2013년:- 2014년:- 
004960, 한신공영,2012년:150 2013년:100 2014년:- 2015년:- 
001450, 현대해상,2013년:1050 2013년:550 2014년:750 2015년:750 
025860, 남해화학,2012년:30 2013년:50 2014년:60 2015년:60 
139670, 넥스트리밍,2011년:95 2012년:70 2013년:70 2014년:50 
000100, 유한양행,2012년:1250 2013년:1500 2014년:1750 2015년:2000 
001430, 세아베스틸,2012년:900 2013년:900 2014년:1000 2015년:1000 
067000, JCE,2012년:100 2013년:- 2014년:- 2015년:- 
003850, 보령제약,2012년:150 2013년:150 2014년:200 2015년:200 
068330, 일신바이오,2011년:50 2012년:50 2013년:- 2014년:5 
004700, 조광피혁,2011년:100 2012년:- 2013년:- 2014년:- 
044380, 주연테크,2012년:- 2013년:- 2014년:- 2015년:- 
003610, 방림,2012년:300 2013년:250 2014년:250 2015년:300 
043290, 케이맥,2011년:200 2012년:- 2013년:- 2014년:- 
012330, 현대모비스,2012년:1900 2013년:1950 2014년:3000 2015년:3500 
035420, NAVER,2012년:616 2013년:734 2014년:782 2015년:1100 
012320, 경동가스,2012년:1250 2013년:1250 2014년:1250 2015년:1250 
033250, 체시스,2012년:50 2013년:20 2014년:- 2015년:- 
009160, SIMPAC,2012년:100 2013년:80 2014년:80 2015년:120 
087220, 스틸플라워,2012년:50 2013년:- 2014년:- 2015년:- 
016920, 카스,2012년:50 2013년:50 2014년:25 2015년:25 
001680, 대상,2012년:150 2013년:150 2014년:300 2015년:400 
073070, 넥센테크,2012년:50 2013년:35 2014년:75 2015년:100 
069410, 엔텔스,2011년:- 2012년:150 2013년:150 2014년:100 
026960, 동서,2012년:800 2013년:550 2014년:600 2015년:670 
047400, 쌍용머티리얼,2012년:35 2013년:35 2014년:35 2015년:35 
046310, 백금T&A,2012년:- 2013년:- 2014년:- 2015년:- 
023450, 동남합성,2012년:200 2013년:200 2014년:200 2015년:200 
000590, CS홀딩스,2011년:- 2012년:- 2013년:- 2014년:- 
003800, 에이스침대,2012년:2000 2013년:2000 2014년:2500 2015년:3300 
043260, 성호전자,2011년:- 2012년:- 2013년:- 2014년:- 
024740, 한일단조,2012년:30 2013년:- 2014년:50 2015년:100 
002710, TCC동양,2011년:218 2012년:184 2013년:110 2014년:107 
023410, 유진기업,2012년:100 2013년:50 2014년:50 2015년:70 
099220, SDN,2012년:- 2013년:- 2014년:- 2015년:- 
106520, 디지탈옵틱,2012년:100 2013년:150 2014년:- 2015년:- 
001620, 동국실업,2011년:- 2012년:- 2013년:- 2014년:- 
078520, 에이블씨엔씨,2012년:550 2013년:350 2014년:60 2015년:350 
086390, 유니테스트,2012년:- 2013년:- 2014년:80 2015년:200 
034300, 신세계건설,2012년:500 2013년:- 2014년:- 2015년:250 
093920, 서원인텍,2012년:200 2013년:400 2014년:500 2015년:600 
090410, 덕신하우징,2011년:75 2012년:90 2013년:75 2014년:120 
012510, 더존비즈온,2012년:200 2013년:150 2014년:200 2015년:220 
012750, 에스원,2012년:1250 2013년:1100 2014년:1150 2015년:1200 
008260, NI스틸,2012년:50 2013년:50 2014년:50 2015년:50 
030190, NICE평가정보,2012년:180 2013년:90 2014년:100 2015년:120 
021240, 코웨이,2012년:- 2013년:2710 2014년:2000 2015년:2800 
000520, 삼일제약,2012년:150 2013년:150 2014년:200 2015년:200 
104110, 신성이엔지,2012년:- 2013년:- 2014년:- 2015년:- 
069640, 엠케이트렌드,2012년:200 2013년:150 2014년:150 2015년:200 
066130, 하츠,2012년:30 2013년:30 2014년:30 2015년:30 
098120, 마이크로컨텍솔,2012년:85 2013년:100 2014년:160 2015년:80 
091970, 나노캠텍,2012년:- 2013년:50 2014년:30 2015년:- 
035890, 서희건설,2011년:10 2012년:- 2013년:- 2014년:- 
034310, NICE,2012년:1300 2013년:110 2014년:110 2015년:120 
185750, 종근당,-년:- 2013년:300 2014년:800 2015년:600 
007160, 사조산업,2011년:200 2012년:- 2013년:- 2014년:- 
008250, 이건산업,2012년:- 2013년:150 2014년:150 2015년:150 
009580, 무림P&P,2012년:250 2013년:250 2014년:175 2015년:200 
008490, 서흥,2012년:150 2013년:200 2014년:250 2015년:250 
053060, 세동,2011년:- 2012년:- 2013년:- 2014년:- 
020120, 다우인큐브,2012년:- 2013년:- 2014년:30 2015년:20 
045660, 에이텍,2012년:100 2013년:100 2014년:100 2015년:100 
004910, 조광페인트,2012년:180 2013년:200 2014년:200 2015년:250 
103230, 에스앤더블류,2011년:- 2012년:- 2013년:- 2014년:- 
024720, 한국콜마홀딩스,2013년:65 2013년:65 2014년:100 2015년:125 
019170, 신풍제약,2012년:80 2013년:60 2014년:70 2015년:- 
182690, 테라셈,2012년:- 2013년:- 2014년:50 2015년:50 
090430, 아모레퍼시픽,2012년:6500 2013년:6500 2014년:9000 2015년:1350 
088350, 한화생명,2013년:150 2013년:130 2014년:180 2015년:180 
058730, 동아에스텍,2012년:75 2013년:100 2014년:100 2015년:150 
013870, 지엠비코리아,2012년:120 2013년:170 2014년:200 2015년:120 
011690, 유양디앤유,2012년:- 2013년:- 2014년:- 2015년:- 
053290, 능률교육,2012년:- 2013년:100 2014년:50 2015년:100 
011200, 현대상선,2012년:- 2013년:- 2014년:- 2015년:- 
008040, 동아원,2011년:20 2012년:30 2013년:30 2014년:- 
053050, 지에스이,2012년:80 2013년:80 2014년:85 2015년:100 
066110, 백산OPC,2012년:- 2013년:- 2014년:- 2015년:- 
192250, 케이사인,2012년:- 2013년:- 2014년:25 2015년:30 
069620, 대웅제약,2012년:800 2013년:800 2014년:700 2015년:700 
000300, 대유신소재,2011년:18 2012년:- 2013년:- 2014년:- 
101060, SBS미디어홀딩스,2012년:25 2013년:25 2014년:25 2015년:25 
020150, 일진머티리얼즈,2012년:- 2013년:- 2014년:- 2015년:- 
025820, 이구산업,2011년:30 2012년:- 2013년:- 2014년:20 
044340, 위닉스,2011년:50 2012년:50 2013년:100 2014년:100 
002960, 한국쉘석유,2012년:20000 2013년:20000 2014년:19000 2015년:20000 
066590, 우수AMS,2012년:- 2013년:- 2014년:- 2015년:- 
026910, 광진실업,2011년:50 2012년:25 2013년:25 2014년:25 
001630, 종근당홀딩스,2012년:700 2013년:1700 2014년:700 2015년:1200 
002720, 국제약품,2011년:50 2012년:- 2013년:40 2014년:60 
033200, 모아텍,2011년:60 2012년:- 2013년:- 2014년:- 
092600, 넥스트칩,2012년:80 2013년:- 2014년:- 2015년:50 
036710, 심텍,2011년:200 2012년:200 2013년:- 2014년:- 
010100, 한국프랜지,2011년:250 2012년:- 2013년:250 2014년:250 
140860, 파크시스템스,2012년:- 2013년:- 2014년:- 2015년:50 
079650, 서산,2012년:750 2013년:500 2014년:500 2015년:1000 
053280, 예스24,2012년:100 2013년:100 2014년:100 2015년:120 
023890, 아트라스BX,2012년:700 2013년:700 2014년:700 2015년:700 
097520, 엠씨넥스,2012년:30 2013년:100 2014년:300 2015년:330 
053700, 삼보모터스,2012년:50 2013년:50 2014년:50 2015년:50 
108860, 디오텍,2011년:- 2012년:- 2013년:- 2014년:- 
131400, 액트,2012년:50 2013년:50 2014년:- 2015년:- 
095340, ISC,2012년:400 2013년:305 2014년:500 2015년:252 
012160, 영흥철강,2012년:40 2013년:50 2014년:50 2015년:50 
014580, 백광소재,2012년:1000 2013년:1000 2014년:1000 2015년:100 
037460, 삼지전자,2012년:100 2013년:50 2014년:- 2015년:- 
011070, LG이노텍,2012년:- 2013년:- 2014년:250 2015년:350 
075970, 동국알앤에스,2011년:80 2012년:80 2013년:80 2014년:80 
189860, 서전기전,2012년:10000 2013년:- 2014년:455 2015년:75 
014100, 보령메디앙스,2012년:- 2013년:- 2014년:- 2015년:10 
088800, 에이스테크,2012년:- 2013년:50 2014년:50 2015년:25 
138040, 메리츠금융지주,2013년:75 2013년:90 2014년:85 2015년:155 
139130, DGB금융지주,2012년:330 2013년:280 2014년:320 2015년:280 
003450, 현대증권,2013년:50 2013년:- 2014년:50 2015년:500 
000180, 성창기업지주,2012년:- 2013년:- 2014년:- 2015년:300 
152330, 코리아오토글라스,2012년:1000 2013년:1000 2014년:500 2015년:350 
004780, 대륙제관,2012년:50 2013년:50 2014년:60 2015년:90 
001270, 부국증권,2013년:500 2014년:350 2014년:1000 2015년:1200 
115160, 휴맥스,2012년:200 2013년:150 2014년:150 2015년:150 
117580, 대성에너지,2012년:250 2013년:250 2014년:250 2015년:250 
003690, 코리안리,2013년:250 2013년:185 2014년:225 2015년:350 
025000, KPX케미칼,2012년:3000 2013년:1500 2014년:1750 2015년:1750 
002360, SH에너지화학,2012년:- 2013년:15 2014년:45 2015년:44 
052600, 한네트,2012년:100 2013년:110 2014년:120 2015년:120 
072470, 우리산업홀딩스,2012년:30 2013년:30 2014년:30 2015년:50 
005610, 삼립식품,2012년:375 2013년:663 2014년:762 2015년:869 
014570, 고려제약,2012년:70 2013년:60 2014년:70 2015년:70 
037230, 한국팩키지,2012년:15 2013년:- 2014년:15 2015년:20 
064820, 소셜미디어99,2011년:99 2012년:- 2013년:- 2014년:- 
200880, 서연이화,-년:- -년:- 2014년:150 2015년:150 
084690, 대상홀딩스,2012년:120 2013년:120 2014년:170 2015년:170 
002350, 넥센타이어,2012년:60 2013년:65 2014년:75 2015년:80 
005860, 한일사료,2012년:25 2013년:25 2014년:25 2015년:25 
005620, 대성합동지주,2011년:1000 2012년:1000 2013년:- 2014년:- 
003200, 일신방직,2012년:750 2013년:2000 2014년:1750 2015년:2500 
115390, 락앤락,2012년:80 2013년:100 2014년:150 2015년:200 
003680, 한성기업,2011년:250 2012년:- 2013년:- 2014년:- 
105330, 케이엔더블유,2011년:100 2012년:- 2013년:- 2014년:100 
051500, CJ프레시웨이,2012년:200 2013년:- 2014년:200 2015년:200 
097780, 에스맥,2012년:75 2013년:75 2014년:- 2015년:- 
096690, 세우테크,2012년:50 2013년:50 2014년:50 2015년:- 
011090, 에넥스,2012년:- 2013년:- 2014년:20 2015년:30 
045060, 오공,2012년:50 2013년:50 2014년:50 2015년:50 
013030, 하이록코리아,2012년:250 2013년:350 2014년:400 2015년:400 
037440, 희림,2012년:50 2013년:50 2014년:- 2015년:100 
050890, 쏠리드,2012년:70 2013년:100 2014년:110 2015년:50 
087730, 네패스신소재,2012년:100 2013년:100 2014년:150 2015년:100 
085310, 엔케이,2011년:50 2012년:50 2013년:- 2014년:50 
057050, 현대홈쇼핑,2012년:1100 2013년:1100 2014년:1300 2015년:1500 
041930, 동아화성,2012년:60 2013년:80 2014년:80 2015년:60 
119500, 포메탈,2012년:50 2013년:40 2014년:30 2015년:30 
003230, 삼양식품,2012년:- 2013년:100 2014년:100 2015년:50 
006740, 영풍제지,2012년:2000 2013년:2000 2014년:2000 2015년:40 
094280, 효성ITX,2012년:25 2013년:50 2014년:75 2015년:100 
049430, 코메론,2012년:65 2013년:50 2014년:150 2015년:120 
001290, 골든브릿지증권,2012년:- 2013년:- 2013년:- 2014년:- 
122900, 아이마켓코리아,2012년:250 2013년:250 2014년:500 2015년:500 
006980, 우성사료,2012년:60 2013년:50 2014년:50 2015년:25 
130580, 나이스디앤비,2012년:59 2013년:59 2014년:71 2015년:84 
093190, 빅솔론,2012년:170 2013년:200 2014년:200 2015년:400 
002380, KCC,2012년:8000 2013년:8000 2014년:9000 2015년:9000 
003470, 동양증권,2012년:- 2013년:50 2013년:- 2014년:- 
004560, 현대비앤지스틸,2011년:- 2012년:- 2013년:- 2014년:100 
002140, 고려산업,2012년:150 2013년:25 2014년:45 2015년:30 
069260, 휴켐스,2012년:700 2013년:750 2014년:550 2015년:500 
007810, 코리아써키트,2012년:- 2013년:100 2014년:100 2015년:100 
011080, 형지I&C,2012년:- 2013년:- 2014년:15 2015년:15 
067080, 대화제약,2012년:80 2013년:100 2014년:100 2015년:100 
076610, 해성옵틱스,2012년:- 2013년:- 2014년:- 2015년:100 
064800, 필링크,2012년:30 2013년:30 2014년:50 2015년:- 
138070, 신진에스엠,2012년:190 2013년:100 2014년:110 2015년:100 
006730, 서부T&D,2011년:- 2012년:50 2013년:50 2014년:50 
003220, 대원제약,2012년:50 2013년:75 2014년:150 2015년:200 
007820, 에스엠코어,2012년:50 2013년:60 2014년:70 2015년:100 
056190, 에스에프에이,2012년:1000 2013년:1015 2014년:652 2015년:402 
027410, BGF리테일,2012년:2500 2013년:400 2014년:600 2015년:1200 
121800, 티브이로직,2012년:100 2013년:- 2014년:- 2015년:- 
062860, 티엘아이,2012년:- 2013년:- 2014년:100 2015년:100 
003460, 유화증권,2013년:600 2014년:600 2014년:450 2015년:700 
001040, CJ,2012년:650 2013년:950 2014년:950 2015년:1350 
073110, 엘엠에스,2012년:50 2013년:50 2014년:50 2015년:105 
002310, 아세아제지,2011년:300 2012년:600 2013년:400 2014년:450 
005820, 원림,2012년:400 2013년:500 2014년:350 2015년:250 
072020, 중앙백신,2012년:50 2013년:50 2014년:50 2015년:50 
036570, 엔씨소프트,2012년:600 2013년:600 2014년:3430 2015년:2747 
106240, 파인테크닉스,2012년:25 2013년:- 2014년:- 2015년:25 
035000, 지투알,2012년:200 2013년:200 2014년:200 2015년:200 
200670, 휴메딕스,2012년:- 2013년:- 2014년:- 2015년:300 
059210, 메타바이오메드,2012년:15 2013년:15 2014년:10 2015년:10 
016710, 대성홀딩스,2012년:250 2013년:250 2014년:250 2015년:250 
223310, 이에스브이,-년:- 2013년:- 2014년:- 2015년:100 
057030, 와이비엠넷,2012년:250 2013년:210 2014년:210 2015년:210 
017800, 현대엘리베이,2011년:500 2012년:- 2013년:- 2014년:- 
041910, 에스텍파마,2012년:75 2013년:50 2014년:50 2015년:50 
001470, 삼부토건,2012년:- 2013년:- 2014년:- 2015년:- 
021080, 에이티넘인베스트,2012년:- 2013년:25 2014년:25 2015년:70 
001230, 동국제강,2012년:500 2013년:150 2014년:- 2015년:- 
003650, 미창석유,2012년:2300 2013년:1900 2014년:1800 2015년:2100 
178920, SKC코오롱PI,2012년:6000 2013년:6600 2014년:- 2015년:110 
002320, 한진,2012년:400 2013년:250 2014년:400 2015년:400 
000140, 하이트진로홀딩스,2012년:350 2013년:350 2014년:450 2015년:200 
024110, 기업은행,2012년:400 2013년:330 2014년:430 2015년:450 
111820, 처음앤씨,2012년:210 2013년:260 2014년:200 2015년:- 
001210, 금호전기,2011년:450 2012년:100 2013년:100 2014년:- 
002300, 한국제지,2012년:450 2013년:450 2014년:350 2015년:450 
046140, SBS콘텐츠허브,2012년:150 2013년:250 2014년:250 2015년:150 
005810, 풍산홀딩스,2012년:1000 2013년:1000 2014년:1200 2015년:1200 
161000, 애경유화,2012년:500 2013년:1500 2014년:1900 2015년:1900 
108670, LG하우시스,2012년:1000 2013년:1800 2014년:1800 2015년:1800 
015860, 일진홀딩스,2012년:30 2013년:50 2014년:70 2015년:70 
035250, 강원랜드,2012년:755 2013년:730 2014년:850 2015년:980 
014530, 극동유화,2012년:700 2013년:800 2014년:700 2015년:1000 
050860, 아세아텍,2013년:50 2014년:50 2015년:50 2016년:75 
039610, 화성,2013년:- 2014년:- 2015년:- 2016년:400 
138250, 엔에스쇼핑,-년:- 2011년:500 2013년:13980 2014년:1000 
138490, 코오롱플라스틱,2012년:50 2013년:- 2014년:50 2015년:75 
084010, 대한제강,2012년:200 2013년:100 2014년:100 2015년:250 
086670, 비엠티,2012년:100 2013년:100 2014년:100 2015년:100 
009180, 한솔로지스틱스,2012년:20 2013년:20 2014년:20 2015년:20 
002790, 아모레G,2012년:2250 2013년:2500 2014년:3250 2015년:390 
001460, BYC,2012년:850 2013년:750 2014년:800 2015년:850 
002550, KB손해보험,2013년:550 2013년:500 2014년:500 2015년:400 
004970, 신라교역,2012년:250 2013년:250 2014년:300 2015년:200 
024120, KB오토시스,2012년:120 2013년:125 2014년:180 2015년:200 
213500, 한솔제지,-년:- -년:- -년:- 2015년:500 
100700, 세운메디칼,2012년:16 2013년:20 2014년:25 2015년:25 
000370, 한화손해보험,2013년:- 2013년:- 2014년:- 2015년:70 
046110, 한일네트웍스,2011년:- 2012년:- 2013년:- 2014년:- 
047440, 레이젠,2012년:- 2013년:- 2014년:- 2015년:- 
027830, 대성창투,2012년:10 2013년:- 2014년:30 2015년:30 
048770, TPC,2012년:25 2013년:25 2014년:25 2015년:25 
067290, JW신약,2012년:25 2013년:25 2014년:30 2015년:50 
077970, STX엔진,2011년:250 2012년:- 2013년:- 2014년:- 
104040, 대성파인텍,2012년:110 2013년:110 2014년:110 2015년:120 
015890, 태경산업,2012년:150 2013년:150 2014년:150 2015년:180 
121850, 코이즈,2012년:150 2013년:- 2014년:- 2015년:- 
032190, 다우데이타,2012년:50 2013년:70 2014년:110 2015년:100 
001250, GS글로벌,2012년:125 2013년:125 2014년:125 2015년:- 
003670, 포스코켐텍,2012년:1500 2013년:1500 2014년:1750 2015년:200 
005850, 에스엘,2012년:150 2013년:150 2014년:200 2015년:260 
002100, 경농,2012년:150 2013년:200 2014년:200 2015년:240 
114090, GKL,2012년:1217 2013년:1179 2014년:1002 2015년:831 
023000, 삼원강재,2012년:110 2013년:120 2014년:120 2015년:125 
067280, 멀티캠퍼스,2012년:200 2013년:200 2014년:250 2015년:250 
046120, 케이엔디티,2012년:100 2013년:- 2014년:- 2015년:- 
096240, 청담러닝,2012년:500 2013년:500 2014년:800 2015년:800 
109740, 디에스케이,2012년:- 2013년:50 2014년:50 2015년:100 
005830, 동부화재,2013년:1250 2013년:1000 2014년:1450 2015년:1550 
098660, 에스티오,2012년:60 2013년:30 2014년:20 2015년:50 
069460, 대호에이엘,2011년:- 2012년:- 2013년:- 2014년:- 
011280, 태림포장,2012년:25 2013년:25 2014년:30 2015년:8 
014790, 한라건설,2012년:150 2013년:- 2014년:- 2015년:- 
085370, 루트로닉,2012년:- 2013년:- 2014년:25 2015년:50 
036560, 영풍정밀,2012년:80 2013년:80 2014년:100 2015년:180 
077500, 유니퀘스트,2012년:- 2013년:- 2014년:750 2015년:200 
039830, 오로라,2012년:100 2013년:100 2014년:100 2015년:100 
011040, 경동제약,2012년:500 2013년:600 2014년:600 2015년:600 
037400, 우리조명,2011년:50 2012년:30 2013년:25 2014년:25 
121600, 나노신소재,2012년:- 2013년:- 2014년:150 2015년:150 
033050, 제이엠아이,2011년:- 2012년:- 2013년:- 2014년:20 
017810, 풀무원,2012년:1020 2013년:1020 2014년:1020 2015년:1020 
086450, 동국제약,2012년:380 2013년:280 2014년:300 2015년:300 
004990, 롯데제과,2012년:4000 2013년:4000 2014년:5200 2015년:11270 
000390, 삼화페인트,2012년:250 2013년:300 2014년:400 2015년:500 
000150, 두산,2012년:3500 2013년:3500 2014년:4000 2015년:4550 
214870, 에치디프로,2012년:- 2013년:- 2014년:- 2015년:50 
113810, 디젠스,2012년:75 2013년:- 2014년:- 2015년:25 
038390, 레드캡투어,2012년:550 2013년:600 2014년:600 2015년:600 
093320, 케이아이엔엑스,2012년:- 2013년:80 2014년:80 2015년:100 
092230, KPX홀딩스,2012년:2550 2013년:2050 2014년:2100 2015년:2100 
111870, 삼본정밀전자,2012년:250 2013년:250 2014년:300 2015년:500 
031510, 오스템,2012년:60 2013년:60 2014년:40 2015년:60 
039240, 경남스틸,2012년:250 2013년:250 2014년:300 2015년:300 
051360, 토비스,2012년:50 2013년:100 2014년:160 2015년:200 
052690, 한전기술,2012년:1932 2013년:406 2014년:575 2015년:200 
016360, 삼성증권,2013년:650 2013년:100 2014년:650 2015년:1000 
095500, 미래나노텍,2011년:60 2012년:110 2013년:- 2014년:- 
053300, 한국정보인증,2012년:- 2013년:30 2014년:30 2015년:35 
004380, 삼익THK,2012년:250 2013년:300 2014년:300 2015년:300 
082660, 크루셜엠스,2012년:- 2013년:- 2014년:- 2015년:- 
225530, 보광산업,2012년:- 2013년:- 2014년:- 2015년:- 
008500, 일정실업,2012년:1250 2013년:1250 2014년:1250 2015년:1250 
044820, 코스맥스비티아이,2012년:270 2013년:330 2014년:240 2015년:130 
009830, 한화케미칼,2012년:250 2013년:150 2014년:150 2015년:150 
080000, 에스엔유,2012년:- 2013년:- 2014년:- 2015년:- 
004140, 동방,2012년:30 2013년:10 2014년:10 2015년:10 
072870, 메가스터디,2012년:3000 2013년:2000 2014년:2200 2015년:600 
016590, 신대양제지,2011년:500 2012년:500 2013년:375 2014년:375 
037070, 파세코,2012년:100 2013년:150 2014년:150 2015년:170 
039490, 키움증권,2013년:450 2013년:350 2014년:450 2015년:700 
021960, 케이비캐피탈,2012년:590 2013년:640 2014년:450 2015년:500 
092460, 한라IMS,2012년:- 2013년:- 2014년:50 2015년:100 
039010, 현대통신,2012년:- 2013년:- 2014년:70 2015년:100 
023900, 풍국주정,2012년:125 2013년:250 2014년:250 2015년:300 
108230, 톱텍,2012년:5 2013년:150 2014년:100 2015년:150 
032850, 비트컴퓨터,2011년:60 2012년:- 2013년:- 2014년:- 
143240, 사람인에이치알,2012년:- 2013년:100 2014년:80 2015년:90 
081580, 성우전자,2012년:50 2013년:70 2014년:100 2015년:120 
192400, 쿠쿠전자,2012년:11300 2013년:12000 2014년:1500 2015년:2100 
003280, 흥아해운,2012년:7 2013년:9 2014년:9 2015년:7 
080010, 이상네트웍스,2011년:100 2012년:30 2013년:30 2014년:40 
123840, 한일진공,2012년:- 2013년:20 2014년:- 2015년:100 
147830, 제룡산업,2012년:50 2013년:50 2014년:50 2015년:70 
063570, 한국전자금융,2012년:40 2013년:50 2014년:55 2015년:70 
008730, 율촌화학,2012년:500 2013년:500 2014년:500 2015년:500 
004370, 농심,2012년:4000 2013년:4000 2014년:4000 2015년:4000 
004130, 대덕GDS,2012년:300 2013년:300 2014년:300 2015년:300 
065510, 휴비츠,2012년:150 2013년:50 2014년:100 2015년:100 
016380, 동부제철,2012년:- 2013년:- 2014년:- 2015년:- 
036190, 금화피에스시,2012년:600 2013년:900 2014년:900 2015년:900 
052670, 제일바이오,2011년:- 2012년:30 2013년:- 2014년:- 
122990, 와이솔,2012년:25 2013년:25 2014년:125 2015년:225 
141070, 맥스로텍,2012년:60 2013년:- 2014년:30 2015년:- 
096610, 알에프세미,2012년:39 2013년:55 2014년:25 2015년:41 
107590, 미원에스씨,2012년:- 2013년:- 2014년:2500 2015년:2500 
006580, 대양제지,2011년:500 2012년:500 2013년:375 2014년:250 
900090, 차이나하오란,2011년:14 2012년:10 2013년:- 2014년:- 
003070, 코오롱글로벌,2012년:- 2013년:- 2014년:- 2015년:- 
005490, POSCO,2012년:8000 2013년:8000 2014년:8000 2015년:8000 
189690, 포시에스,2013년:35 2014년:35 2015년:125 2016년:125 
187270, 신화콘텍,2012년:- 2013년:- 2014년:50 2015년:- 
134780, 화진,2012년:100 2013년:150 2014년:150 2015년:175 
026150, 특수건설,2011년:100 2012년:50 2013년:- 2014년:- 
065500, 오리엔트정공,2012년:- 2013년:- 2014년:- 2015년:- 
005250, 녹십자홀딩스,2012년:450 2013년:250 2014년:300 2015년:300 
131030, 디에이치피코리아,2012년:- 2013년:- 2014년:100 2015년:100 
067920, 이글루시큐리티,2012년:70 2013년:50 2014년:30 2015년:30 
006340, 대원전선,2011년:- 2012년:- 2013년:- 2014년:- 
005010, 휴스틸,2012년:1000 2013년:700 2014년:700 2015년:400 
214420, 토니모리,2012년:7500 2013년:10000 2014년:5000 2015년:300 
180640, 한진칼,-년:- 2013년:- 2014년:75 2015년:75 
071320, 지역난방공사,2012년:3750 2013년:2990 2014년:2110 2015년:3620 
014190, 후너스,2011년:10 2012년:- 2013년:- 2014년:- 
032830, 삼성생명,2013년:1500 2013년:850 2014년:1800 2015년:1800 
033920, 무학,2012년:53 2013년:4 2014년:4 2015년:253 
121890, 에스디시스템,2012년:- 2013년:- 2014년:100 2015년:100 
031980, 피에스케이,2012년:- 2013년:100 2014년:200 2015년:200 
018310, 삼목에스폼,2012년:50 2013년:50 2014년:100 2015년:100 
084870, 베이직하우스,2011년:- 2012년:- 2013년:50 2014년:- 
010820, 퍼스텍,2011년:- 2012년:30 2013년:25 2014년:25 
134790, 팀스,2011년:200 2012년:200 2013년:- 2014년:- 
028100, 동아지질,2012년:175 2013년:175 2014년:175 2015년:175 
004150, 한솔제지,2012년:300 2013년:300 2014년:- 2015년:- 
006570, 대림통상,2012년:100 2013년:150 2014년:150 2015년:150 
007660, 이수페타시스,2012년:90 2013년:100 2014년:80 2015년:90 
214430, 아이쓰리시스템,2012년:- 2013년:- 2014년:- 2015년:400 
035080, 인터파크홀딩스,2012년:30 2013년:30 2014년:30 2015년:30 
015230, 대창단조,2012년:1000 2013년:1000 2014년:2000 2015년:1300 
038110, 에코플라스틱,2012년:50 2013년:50 2014년:50 2015년:50 
039440, 에스티아이,2012년:- 2013년:- 2014년:70 2015년:100 
018500, 동원금속,2013년:50 2014년:50 2015년:100 2016년:100 
017890, 한국알콜,2012년:- 2013년:- 2014년:50 2015년:50 
017650, 대림제지,2012년:50 2013년:- 2014년:50 2015년:- 
900070, 글로벌에스엠,2012년:250 2013년:- 2014년:- 2015년:750 
083550, 케이엠,2012년:30 2013년:50 2014년:70 2015년:100 
083310, 엘오티베큠,2012년:10 2013년:10 2014년:15 2015년:25 
067900, 와이엔텍,2012년:- 2013년:- 2014년:- 2015년:10 
141000, 비아트론,2012년:- 2013년:- 2014년:- 2015년:100 
138080, 오이솔루션,2012년:100 2013년:150 2014년:200 2015년:100 
124500, 아이티센,2013년:190 2014년:16 2015년:47 2015년:- 
042600, 새로닉스,2012년:- 2013년:- 2014년:40 2015년:40 
123410, 코리아에프티,2012년:150 2013년:120 2014년:130 2015년:110 
004100, 태양금속,2012년:150 2013년:150 2014년:150 2015년:15 
008700, 아남전자,2011년:- 2012년:- 2013년:- 2014년:- 
007610, 선도전기,2012년:10 2013년:10 2014년:10 2015년:20 
003010, 혜인,2012년:50 2013년:50 2014년:50 2015년:30 
005430, 한국공항,2012년:500 2013년:500 2014년:500 2015년:500 
102710, 이엔에프테크놀로지,2012년:50 2013년:50 2014년:50 2015년:50 
003490, 대한항공,2011년:- 2012년:- 2013년:- 2014년:- 
040420, 정상제이엘에스,2012년:420 2013년:420 2014년:420 2015년:420 
155660, DSR,2012년:- 2013년:30 2014년:30 2015년:50 
005670, 푸드웰,2012년:150 2013년:75 2014년:75 2015년:75 
090080, 평화산업,2012년:- 2013년:50 2014년:- 2015년:50 
097950, CJ제일제당,2012년:1800 2013년:1800 2014년:2000 2015년:2500 
037270, 휘닉스컴,2012년:- 2013년:- 2014년:- 2015년:- 
014130, 한익스프레스,2012년:- 2013년:- 2014년:500 2015년:700 
052400, 코나아이,2012년:200 2013년:200 2014년:250 2015년:325 
049480, 오픈베이스,2012년:25 2013년:25 2014년:25 2015년:25 
003000, 부광약품,2012년:525 2013년:525 2014년:550 2015년:750 
008930, 한미사이언스,2012년:- 2013년:- 2014년:- 2015년:500 
041520, 이라이콤,2012년:200 2013년:200 2014년:500 2015년:700 
002390, 한독,2012년:150 2013년:200 2014년:150 2015년:100 
065710, 서호전기,2012년:100 2013년:100 2014년:300 2015년:500 
001060, JW중외제약,2012년:125 2013년:125 2014년:125 2015년:150 
003480, 한진중공업홀딩스,2011년:250 2012년:250 2013년:250 2014년:200 
002150, 도화엔지니어링,2012년:150 2013년:100 2014년:100 2015년:150 
003240, 태광산업,2012년:1750 2013년:1750 2014년:1250 2015년:1750 
131220, 대한과학,2012년:126 2013년:- 2014년:35 2015년:25 
047040, 대우건설,2011년:- 2012년:- 2013년:- 2014년:- 
214450, 파마리서치프로덕트,2012년:- 2013년:- 2014년:- 2015년:200 
016580, 환인제약,2012년:250 2013년:250 2014년:250 2015년:250 
900050, 중국원양자원,2012년:- 2013년:- 2014년:- 2015년:- 
039420, 케이엘넷,2012년:- 2013년:25 2014년:- 2015년:15 
017670, SK텔레콤,2012년:9400 2013년:9400 2014년:9400 2015년:10000 
081150, 티플랙스,2012년:20 2013년:- 2014년:20 2015년:25 
110570, 넥솔론,2012년:- 2013년:- 2014년:- 2015년:- 
060250, NHN한국사이버결제,2012년:75 2013년:75 2014년:35 2015년:120 
004360, 세방,2012년:175 2013년:150 2014년:150 2015년:175 
065940, 케이에스씨비,2012년:- 2013년:- 2014년:- 2015년:- 
003030, 세아제강,2012년:1500 2013년:1500 2014년:1500 2015년:1750 
092040, 아미코젠,2012년:- 2013년:- 2014년:120 2015년:100 
096640, 멜파스,2012년:100 2013년:- 2014년:- 2015년:- 
073540, 에프알텍,2011년:- 2012년:125 2013년:100 2014년:- 
054800, 아이디스홀딩스,2012년:50 2013년:50 2014년:100 2015년:150 
030610, 교보증권,2013년:50 2013년:- 2014년:100 2015년:150 
047050, 포스코대우,2012년:300 2013년:300 2014년:500 2015년:500 
900040, 차이나그레이트,2011년:72 2012년:- 2013년:- 2014년:- 
052860, 아이앤씨,2011년:200 2012년:- 2013년:- 2014년:- 
001080, 만호제강,2013년:150 2014년:150 2015년:150 2016년:150 
192820, 코스맥스,-년:- -년:- 2014년:500 2015년:700 
120110, 코오롱인더,2012년:900 2013년:600 2014년:500 2015년:500 
084670, 동양고속,2012년:1250 2013년:1000 2014년:1250 2015년:1750 
121440, 골프존유원홀딩스,2012년:1200 2013년:400 2014년:500 2015년:580 
123860, 아나패스,2012년:300 2013년:200 2014년:350 2015년:200 
060480, 국일신동,2012년:- 2013년:- 2014년:25 2015년:50 
102940, 코오롱생명과학,2012년:750 2013년:120 2014년:200 2015년:100 
002170, 삼양통상,2012년:750 2013년:750 2014년:750 2015년:825 
005680, 삼영전자,2012년:200 2013년:200 2014년:200 2015년:200 
004590, 한국가구,2012년:650 2013년:200 2014년:750 2015년:850 
007860, 서연,2012년:150 2013년:150 2014년:150 2015년:150 
005440, 현대그린푸드,2012년:50 2013년:50 2014년:60 2015년:60 
001940, KISCO홀딩스,2012년:900 2013년:900 2014년:900 2015년:900 
000850, 화천기공,2012년:1000 2013년:1500 2014년:1500 2015년:1500 
065130, 탑엔지니어링,2011년:- 2012년:- 2013년:- 2014년:- 
100220, 비상교육,2012년:110 2013년:130 2014년:130 2015년:200 
033530, 세종공업,2012년:130 2013년:200 2014년:150 2015년:250 
057500, SKC 솔믹스,2012년:- 2013년:- 2014년:- 2015년:- 
033780, KT&G,2012년:3200 2013년:3200 2014년:3400 2015년:3400 
030270, 가희,2012년:- 2013년:- 2014년:- 2015년:- 
075180, 새론오토모티브,2012년:180 2013년:200 2014년:200 2015년:200 
036800, 나이스정보통신,2012년:200 2013년:230 2014년:240 2015년:300 
126600, 코프라,2012년:80 2013년:100 2014년:150 2015년:150 
114630, 우노앤컴퍼니,2012년:75 2013년:50 2014년:100 2015년:100 
011500, 한농화성,2012년:90 2013년:80 2014년:90 2015년:100 
069960, 현대백화점,2012년:650 2013년:650 2014년:700 2015년:700 
045510, 정원엔시스,2011년:- 2012년:- 2013년:- 2014년:- 
080520, 오디텍,2012년:100 2013년:100 2014년:100 2015년:100 
024830, 세원물산,2012년:75 2013년:75 2014년:75 2015년:75 
021320, KCC건설,2011년:1000 2012년:500 2013년:- 2014년:250 
089590, 제주항공,2012년:- 2013년:- 2014년:- 2015년:400 
123330, 제닉,2012년:54 2013년:47 2014년:26 2015년:24 
123570, 이엠넷,2012년:90 2013년:50 2014년:40 2015년:50 
055550, 신한지주,2012년:700 2013년:650 2014년:950 2015년:1200 
033540, 파라텍,2012년:10 2013년:40 2014년:50 2015년:54 
149980, 하이로닉,2012년:25 2013년:25 2014년:- 2015년:70 
010640, 진양폴리,2011년:150 2012년:175 2013년:125 2014년:125 
006390, 현대시멘트,2012년:- 2013년:- 2014년:- 2015년:- 
035720, 카카오,2012년:1110 2013년:1133 2014년:173 2015년:167 
036810, 에프에스티,2012년:- 2013년:- 2014년:80 2015년:80 
079550, LIG넥스원,2012년:- 2013년:670 2014년:630 2015년:940 
045520, 크린앤사이언스,2011년:- 2012년:- 2013년:- 2014년:- 
080530, 코디에스,2012년:- 2013년:- 2014년:- 2015년:- 
170790, 파이오링크,2012년:- 2013년:80 2014년:60 2015년:- 
001720, 신영증권,2013년:2000 2014년:2000 2015년:2000 2016년:2200 
002810, 삼영무역,2012년:125 2013년:125 2014년:200 2015년:275 
019010, 그랜드백화점,2012년:- 2013년:- 2014년:300 2015년:300 
063170, 서울옥션,2012년:50 2013년:60 2014년:80 2015년:100 
067770, 세진티에스,2011년:50 2012년:- 2013년:- 2014년:- 
065350, 신성델타테크,2012년:50 2013년:50 2014년:50 2015년:60 
090350, 노루페인트,2012년:200 2013년:200 2014년:200 2015년:200 
064260, 다날,2012년:- 2013년:- 2014년:- 2015년:- 
024800, 유성티엔에스,2012년:10 2013년:10 2014년:10 2015년:10 
054210, 이랜텍,2012년:50 2013년:75 2014년:50 2015년:75 
054450, 텔레칩스,2012년:50 2013년:- 2014년:70 2015년:80 
030000, 제일기획,2012년:- 2013년:- 2014년:- 2015년:300 
009450, 경동나비엔,2012년:100 2013년:100 2014년:100 2015년:100 
011760, 현대상사,2012년:500 2013년:500 2014년:500 2015년:750 
013700, 까뮤이앤씨,2012년:- 2013년:- 2014년:150 2015년:150 
012610, 경인양행,2012년:50 2013년:50 2014년:50 2015년:50 
005090, 삼광글라스,2012년:750 2013년:750 2014년:750 2015년:750 
000860, 강남제비스코,2012년:450 2013년:450 2014년:500 2015년:500 
023960, 에쓰씨엔지니어링,2011년:100 2012년:50 2013년:50 2014년:- 
066670, 디스플레이텍,2012년:50 2013년:100 2014년:150 2015년:100 
063160, 종근당바이오,2012년:350 2013년:100 2014년:100 2015년:350 
053350, 이니텍,2011년:- 2012년:- 2013년:50 2014년:- 
071840, 롯데하이마트,2012년:250 2013년:250 2014년:330 2015년:430 
094940, 푸른기술,2012년:150 2013년:150 2014년:- 2015년:- 
009440, KC그린홀딩스,2012년:70 2013년:100 2014년:50 2015년:80 
010660, 화천기계,2012년:1000 2013년:1000 2014년:900 2015년:350 
009680, 모토닉,2012년:250 2013년:250 2014년:250 2015년:280 
010420, 한솔PNS,2012년:15 2013년:15 2014년:15 2015년:15 
052270, 우전앤한단,2011년:200 2012년:150 2013년:100 2014년:- 
078000, 텔코웨어,2012년:400 2013년:650 2014년:600 2015년:660 
012600, 청호컴넷,2012년:- 2013년:- 2014년:- 2015년:- 
064240, 홈캐스트,2012년:50 2013년:- 2014년:- 2015년:- 
009200, 무림페이퍼,2011년:200 2012년:- 2013년:25 2014년:- 
008110, 대동전자,2012년:100 2013년:50 2014년:- 2015년:350 
094970, 제이엠티,2011년:- 2012년:- 2013년:50 2014년:50 
017250, 인터엠,2012년:100 2013년:100 2014년:120 2015년:120 
000810, 삼성화재,2013년:3750 2013년:2750 2014년:4500 2015년:5150 
064480, 브리지텍,2012년:180 2013년:150 2014년:120 2015년:160 
089140, 넥스턴,2012년:100 2013년:100 2014년:100 2015년:60 
065570, 삼영이엔씨,2012년:210 2013년:210 2014년:210 2015년:- 
137940, 넥스트아이,2012년:50 2013년:75 2014년:50 2015년:50 
090370, 아비스타,2012년:30 2013년:- 2014년:- 2015년:- 
031310, 아이즈비전,2012년:- 2013년:50 2014년:50 2015년:55 
215360, 우리산업,-년:- -년:- -년:- 2015년:50 
032640, LG유플러스,2012년:- 2013년:150 2014년:150 2015년:250 
088290, 이원컴포텍,2011년:20 2012년:15 2013년:- 2014년:- 
071850, 캐스텍코리아,2012년:- 2013년:- 2014년:120 2015년:130 
003090, 대웅,2012년:550 2013년:500 2014년:500 2015년:500 
007690, 국도화학,2012년:1000 2013년:1000 2014년:1000 2015년:1500 
006360, GS건설,2011년:1000 2012년:250 2013년:- 2014년:- 
028150, GS홈쇼핑,2012년:3000 2013년:3500 2014년:7700 2015년:5200 
011700, 한신기계,2012년:45 2013년:35 2014년:45 2015년:45 
052260, 바이오랜드,2012년:200 2013년:200 2014년:250 2015년:250 
137950, 제이씨케미칼,2012년:40 2013년:80 2014년:- 2015년:60 
065560, 선도소프트,2012년:- 2013년:- 2014년:- 2015년:- 
007210, 벽산,2012년:130 2013년:56 2014년:68 2015년:65 
005030, 부산주공,2012년:40 2013년:- 2014년:50 2015년:- 
006120, SK케미칼,2012년:400 2013년:400 2014년:300 2015년:300 
017480, 삼현철강,2012년:125 2013년:150 2014년:150 2015년:150 
039290, 인포뱅크,2011년:30 2012년:30 2013년:- 2014년:- 
089150, 케이씨티,2012년:150 2013년:120 2014년:120 2015년:60 
090360, 로보스타,2012년:- 2013년:- 2014년:- 2015년:70 
100030, 모바일리더,2011년:- 2012년:- 2013년:170 2014년:- 
128820, 대성산업,2011년:- 2012년:- 2013년:- 2014년:- 
102210, 해덕파워웨이,2012년:- 2013년:250 2014년:200 2015년:100 
115500, 케이씨에스,2012년:100 2013년:100 2014년:140 2015년:70 
143160, 아이디스,2012년:450 2013년:350 2014년:300 2015년:300 
092300, 현우산업,2012년:50 2013년:30 2014년:30 2015년:60 
033500, 동성화인텍,2012년:- 2013년:70 2014년:130 2015년:130 
126640, 화신정공,2012년:18 2013년:20 2014년:20 2015년:20 
034830, 한국토지신탁,2012년:- 2013년:30 2014년:40 2015년:60 
072710, 농심홀딩스,2012년:2000 2013년:2000 2014년:2000 2015년:2000 
126880, 제이엔케이히터,2012년:200 2013년:100 2014년:- 2015년:100 
072950, 빛샘전자,2012년:100 2013년:100 2014년:- 2015년:200 
003080, 성보화학,2012년:1000 2013년:1500 2014년:2000 2015년:2200 
076080, 웰크론한텍,2012년:50 2013년:50 2014년:- 2015년:- 
109080, 옵티시스,2012년:20 2013년:20 2014년:50 2015년:50 
004170, 신세계,2012년:1000 2013년:1000 2014년:1150 2015년:1250 
049080, 기가레인,-년:- -년:- 2013년:50 2014년:50 
081660, 휠라코리아,2012년:250 2013년:250 2014년:250 2015년:250 
011930, 신성솔라에너지,2012년:- 2013년:- 2014년:- 2015년:- 
078020, 이베스트투자증권,2013년:70 2013년:- 2014년:73 2015년:510 
051160, 디지털오션,2012년:- 2013년:- 2014년:- 2015년:- 
117930, 한진해운,2011년:- 2012년:- 2013년:- 2014년:- 
067730, 로지시스,2012년:1500 2013년:1800 2014년:1850 2015년:60 
131180, 딜리,2012년:42 2013년:45 2014년:50 2015년:60 
020400, 대동금속,2012년:300 2013년:300 2014년:300 2015년:300 
950110, SBI액시즈,2013년:189 2014년:50 2015년:90 2016년:107 
112240, 에스에프씨,2012년:25 2013년:25 2014년:15 2015년:25 
006110, 삼아알미늄,2012년:75 2013년:75 2014년:75 2015년:55 
008770, 호텔신라,2012년:300 2013년:150 2014년:350 2015년:350 
023910, 대한약품,2012년:120 2013년:120 2014년:150 2015년:180 
101330, 모베이스,2012년:- 2013년:200 2014년:100 2015년:- 
090150, 광진윈텍,2012년:30 2013년:30 2014년:30 2015년:30 
030200, KT,2012년:2000 2013년:800 2014년:- 2015년:500 
039020, 이건창호,2012년:50 2013년:50 2014년:30 2015년:30 
160980, 싸이맥스,2012년:- 2013년:- 2014년:- 2015년:200 
149950, 아바텍,2012년:110 2013년:100 2014년:200 2015년:100 
032620, 유비케어,2012년:- 2013년:- 2014년:- 2015년:30 
070300, 솔라시아,2012년:- 2013년:20 2014년:- 2015년:20 
019210, 와이지-원,2012년:200 2013년:150 2014년:150 2015년:150 
018120, 진로발효,2012년:1000 2013년:1000 2014년:1000 2015년:1100 
054410, 케이피티,2012년:- 2013년:- 2014년:- 2015년:50 
008560, 메리츠종금증권,2013년:85 2013년:70 2014년:145 2015년:230 
192530, 광주은행,-년:- -년:- 2014년:- 2015년:200 
080580, 오킨스전자,-년:- -년:- -년:- 2014년:70 
005290, 동진쎄미켐,2012년:60 2013년:60 2014년:60 2015년:60 
006140, 피제이전자,2012년:150 2013년:200 2014년:200 2015년:220 
006380, 카프로,2011년:1000 2012년:250 2013년:- 2014년:- 
049070, 인탑스,2012년:450 2013년:500 2014년:250 2015년:350 
029460, 케이씨텍,2012년:20 2013년:70 2014년:100 2015년:150 
051390, YW,2011년:50 2012년:100 2013년:100 2014년:100 
027040, 서울전자통신,2011년:15 2012년:- 2013년:- 2014년:- 
042420, 네오위즈홀딩스,2012년:- 2013년:- 2014년:- 2015년:330 
009410, 태영건설,2011년:100 2012년:100 2013년:- 2014년:- 
042660, 대우조선해양,2012년:250 2013년:300 2014년:150 2015년:- 
016170, 로엔,2011년:170 2012년:189 2013년:- 2014년:711 
019680, 대교,2012년:210 2013년:210 2014년:230 2015년:240 
100250, 진양홀딩스,2012년:110 2013년:135 2014년:165 2015년:140 
039030, 이오테크닉스,2012년:100 2013년:100 2014년:200 2015년:100 
052220, iMBC,2012년:45 2013년:45 2014년:30 2015년:30 
034810, 해성산업,2012년:100 2013년:100 2014년:100 2015년:100 
052460, 아이크래프트,2012년:80 2013년:50 2014년:70 2015년:100 
051370, 인터플렉스,2012년:- 2013년:- 2014년:- 2015년:- 
019440, 세아특수강,2012년:600 2013년:750 2014년:800 2015년:700 
006370, 대구백화점,2013년:400 2014년:600 2015년:600 2016년:400 
079370, 제우스,2012년:- 2013년:200 2014년:200 2015년:300 
027050, 코리아나,2012년:- 2013년:- 2014년:- 2015년:50 
010620, 현대미포조선,2011년:2000 2012년:1500 2013년:800 2014년:- 
012800, 대창,2011년:- 2012년:30 2013년:- 2014년:- 
051380, 피씨디렉트,2012년:30 2013년:- 2014년:- 2015년:- 
065530, 전파기지국,2012년:500 2013년:500 2014년:500 2015년:500 
065770, CS,2012년:- 2013년:- 2014년:- 2015년:- 
066620, 국보디자인,2012년:200 2013년:230 2014년:250 2015년:250 
101390, 아이엠,2012년:50 2013년:- 2014년:- 2015년:- 
049720, 고려신용정보,2012년:50 2013년:50 2014년:75 2015년:150 
005900, 동양건설,2010년:500 2011년:- 2012년:- 2013년:- 
069330, 유아이디,2011년:150 2012년:150 2013년:150 2014년:100 
000210, 대림산업,2012년:500 2013년:100 2014년:100 2015년:300 
001540, 안국약품,2012년:130 2013년:205 2014년:205 2015년:220 
003960, 사조대림,2011년:200 2012년:- 2013년:- 2014년:200 
068240, 다원시스,2012년:60 2013년:60 2014년:60 2015년:50 
003720, 삼영화학,2011년:150 2012년:50 2013년:- 2014년:- 
078600, 대주전자재료,2012년:100 2013년:- 2014년:- 2015년:- 
036890, 진성티이씨,2012년:100 2013년:100 2014년:120 2015년:150 
090730, SIMPAC METALLOY,2012년:100 2013년:80 2014년:80 2015년:50 
034230, 파라다이스,2012년:200 2013년:350 2014년:600 2015년:375 
013520, 화승알앤에이,2012년:250 2013년:250 2014년:250 2015년:500 
009270, 신원,2011년:- 2012년:- 2013년:- 2014년:- 
075580, 세진중공업,2012년:- 2013년:- 2014년:- 2015년:100 
095190, 이엠코리아,2011년:50 2012년:50 2013년:- 2014년:- 
001790, 대한제당,2012년:625 2013년:500 2014년:550 2015년:450 
194370, 제이에스코퍼레이션,2012년:- 2013년:6210 2014년:- 2015년:250 
098460, 고영,2012년:200 2013년:350 2014년:300 2015년:300 
002880, 대유에이텍,2012년:30 2013년:30 2014년:50 2015년:40 
101160, 월덱스,2012년:100 2013년:50 2014년:- 2015년:- 
004800, 효성,2012년:1000 2013년:1000 2014년:2000 2015년:3500 
000440, 중앙에너비스,2012년:800 2013년:800 2014년:800 2015년:800 
001530, 동일방직,2012년:750 2013년:1000 2014년:625 2015년:625 
002620, 제일약품,2012년:60 2013년:40 2014년:60 2015년:60 
130960, CJ E&M,2012년:- 2013년:- 2014년:- 2015년:200 
079940, 가비아,2012년:20 2013년:20 2014년:20 2015년:30 
040910, 아이씨디,2012년:- 2013년:- 2014년:100 2015년:- 
058430, 포스코강판,2012년:- 2013년:- 2014년:- 2015년:750 
115310, 인포바인,2012년:780 2013년:810 2014년:- 2015년:1750 
140520, 대창스틸,2012년:100 2013년:100 2014년:150 2015년:150 
089980, 상아프론테크,2012년:75 2013년:115 2014년:107 2015년:140 
023590, 다우기술,2012년:130 2013년:130 2014년:130 2015년:150 
001780, 알루코,2012년:- 2013년:- 2014년:- 2015년:50 
002870, 신풍제지,2011년:- 2012년:1000 2013년:500 2014년:500 
023350, 한국종합기술,2012년:100 2013년:100 2014년:100 2015년:100 
112040, 위메이드,2011년:991 2012년:- 2013년:- 2014년:- 
025530, SJM홀딩스,2012년:100 2013년:150 2014년:200 2015년:200 
049960, 쎌바이오텍,2012년:150 2013년:150 2014년:150 2015년:400 
060980, 한라홀딩스,2012년:1000 2013년:1200 2014년:500 2015년:1200 
102460, 이연제약,2012년:200 2013년:150 2014년:250 2015년:300 
004830, 덕성,2012년:45 2013년:45 2014년:45 2015년:20 
002410, 범양건영,2012년:- 2013년:- 2014년:- 2015년:- 
044490, 태웅,2012년:- 2013년:- 2014년:- 2015년:- 
099320, 쎄트렉아이,2012년:260 2013년:180 2014년:150 2015년:220 
079950, LIG에이디피,2011년:- 2012년:- 2013년:- 2014년:- 
086250, 화신테크,2012년:50 2013년:60 2014년:60 2015년:20 
010040, 한국내화,2012년:50 2013년:50 2014년:50 2015년:50 
011370, 서한,2012년:5 2013년:15 2014년:20 2015년:25 
037950, 한성엘컴텍,2012년:- 2013년:- 2014년:- 2015년:- 
056000, 코원,2012년:- 2013년:- 2014년:- 2015년:- 
114450, KPX생명과학,2011년:225 2012년:600 2013년:- 2014년:- 
037710, 광주신세계,2012년:1250 2013년:1250 2014년:1250 2015년:1250 
009290, 광동제약,2012년:60 2013년:70 2014년:80 2015년:80 
017900, 광전자,2011년:- 2012년:- 2013년:- 2014년:- 
001570, 금양,2012년:35 2013년:45 2014년:60 2015년:60 
000240, 한국타이어월드와이드,2012년:400 2013년:300 2014년:300 2015년:300 
000480, 조선내화,2012년:3500 2013년:4000 2014년:4000 2015년:4000 
049950, 미래컴퍼니,2012년:150 2013년:- 2014년:- 2015년:100 
046440, KG모빌리언스,2012년:100 2013년:125 2014년:150 2015년:150 
069540, 빛과전자,2012년:- 2013년:- 2014년:- 2015년:- 
000220, 유유제약,2013년:160 2014년:180 2015년:180 2016년:180 
130500, 금호엔티,2012년:- 2013년:50 2014년:75 2015년:90 
105740, 디케이락,2012년:100 2013년:100 2014년:200 2015년:150 
130740, 티피씨글로벌,2012년:30 2013년:- 2014년:20 2015년:40 
079960, 동양이엔피,2012년:300 2013년:300 2014년:300 2015년:300 
058400, KNN,2012년:300 2013년:250 2014년:250 2015년:250 
012450, 한화테크윈,2012년:500 2013년:500 2014년:- 2015년:300 
221610, 한솔씨앤피,2012년:- 2013년:- 2014년:- 2015년:500 
090740, 연이정보통신,2012년:- 2013년:- 2014년:- 2015년:70 
012690, 모나리자,2012년:25 2013년:- 2014년:- 2015년:50 
036640, HRS,2012년:20 2013년:70 2014년:80 2015년:30 
034220, LG디스플레이,2012년:- 2013년:- 2014년:500 2015년:500 
033130, 디지틀조선,2012년:40 2013년:40 2014년:40 2015년:40 
014620, 성광벤드,2012년:150 2013년:150 2014년:150 2015년:150 
058650, 세아홀딩스,2012년:1750 2013년:1750 2014년:1800 2015년:1750 
012200, 계양전기,2012년:50 2013년:50 2014년:45 2015년:55 
032040, C&S자산관리,2011년:300 2012년:375 2013년:150 2014년:- 
060720, KH바텍,2012년:- 2013년:370 2014년:500 2015년:300 
115530, 씨엔플러스,2012년:50 2013년:- 2014년:- 2015년:- 
032280, 삼일,2012년:- 2013년:- 2014년:- 2015년:70 
015710, 코콤,2012년:50 2013년:50 2014년:100 2015년:125 
054050, 농우바이오,2012년:250 2013년:250 2014년:250 2015년:250 
016800, 퍼시스,2012년:700 2013년:700 2014년:700 2015년:700 
001560, 제일연마,2012년:160 2013년:200 2014년:200 2015년:160 
073190, 듀오백코리아,2011년:240 2012년:150 2013년:- 2014년:- 
000230, 일동제약,2012년:150 2013년:160 2014년:200 2015년:300 
045100, 한양이엔지,2012년:- 2013년:120 2014년:150 2015년:200 
105550, 트루윈,2012년:- 2013년:50 2014년:25 2015년:- 
023530, 롯데쇼핑,2012년:1500 2013년:1500 2014년:2000 2015년:2000 
001500, HMC투자증권,2013년:150 2013년:- 2014년:150 2015년:450 
003920, 남양유업,2012년:1000 2013년:1000 2014년:1000 2015년:1000 
000650, 천일고속,2012년:- 2013년:- 2014년:- 2015년:6000 
046890, 서울반도체,2012년:31 2013년:146 2014년:- 2015년:75 
025950, 동신건설,2012년:100 2013년:200 2014년:100 2015년:100 
104460, 동양피엔에프,2012년:25 2013년:50 2014년:120 2015년:120 
001740, SK네트웍스,2012년:150 2013년:- 2014년:100 2015년:100 
075130, 플랜티넷,2012년:330 2013년:330 2014년:150 2015년:150 
079970, 투비소프트,2012년:- 2013년:70 2014년:45 2015년:- 
011790, SKC,2012년:500 2013년:500 2014년:550 2015년:750 
161890, 한국콜마,2013년:105 2013년:105 2014년:160 2015년:200 
035760, CJ오쇼핑,2012년:2000 2013년:2000 2014년:2500 2015년:2500 
013720, 청보산업,2012년:50 2013년:50 2014년:50 2015년:25 
033340, 좋은사람들,2011년:- 2012년:20 2013년:- 2014년:10 
012630, 현대산업,2012년:200 2013년:50 2014년:300 2015년:500 
011300, 성안,2012년:- 2013년:- 2014년:- 2015년:10 
035510, 신세계 I&C,2012년:1000 2013년:1000 2014년:1000 2015년:1000 
009470, 삼화전기,2012년:50 2013년:50 2014년:50 2015년:30 
222980, 한국맥널티,2012년:- 2013년:- 2014년:- 2015년:100 
079980, 휴비스,2012년:300 2013년:300 2014년:300 2015년:300 
054040, 한국컴퓨터,2012년:120 2013년:130 2014년:120 2015년:130 
078890, 가온미디어,2012년:50 2013년:70 2014년:100 2015년:100 
192390, 윈하이텍,2012년:- 2013년:- 2014년:100 2015년:70 
210980, SK디앤디,2012년:- 2013년:- 2014년:2600 2015년:400 
002820, 선창산업,2012년:95 2013년:115 2014년:165 2015년:182 
043150, 바텍,2012년:100 2013년:100 2014년:100 2015년:100 
103140, 풍산,2012년:450 2013년:450 2014년:600 2015년:500 
000640, 동아쏘시오홀딩스,2012년:1000 2013년:1000 2014년:1000 2015년:1000 
128660, 피제이메탈,2012년:75 2013년:75 2014년:90 2015년:100 
105560, KB금융,2012년:600 2013년:500 2014년:780 2015년:980 
000880, 한화,2012년:450 2013년:400 2014년:500 2015년:500 
089790, 제이티,2011년:- 2012년:- 2013년:- 2014년:130 
000400, 롯데손해보험,2012년:- 2013년:- 2013년:- 2014년:- 
200710, 에이디테크놀로지,2012년:- 2013년:- 2014년:- 2015년:250 
086280, 현대글로비스,2012년:1500 2013년:1500 2014년:2000 2015년:3000 
011780, 금호석유,2012년:2000 2013년:1500 2014년:1500 2015년:800 
033100, 제룡전기,2012년:50 2013년:50 2014년:50 2015년:55 
010690, 화신,2012년:100 2013년:100 2014년:100 2015년:100 
012620, 원일특강,2012년:70 2013년:70 2014년:80 2015년:80 
012860, 서연전자,2012년:30 2013년:30 2014년:50 2015년:50 
008370, 원풍,2012년:110 2013년:110 2014년:125 2015년:140 
007280, 한국특수형강,2012년:750 2013년:300 2014년:250 2015년:- 
193250, 와이제이엠게임즈,-년:- 2013년:- 2014년:- 2015년:50 
000890, 보해양조,2012년:- 2013년:- 2014년:- 2015년:- 
023790, 동일철강,2011년:- 2012년:- 2013년:- 2014년:- 
069510, 에스텍,2012년:250 2013년:280 2014년:380 2015년:310 
020000, 한섬,2012년:300 2013년:300 2014년:300 2015년:300 
048830, 엔피케이,2012년:30 2013년:50 2014년:30 2015년:30 
024880, 케이피에프,2012년:150 2013년:120 2014년:100 2015년:150 
101170, 우림기계,2012년:50 2013년:35 2014년:75 2015년:50 
102260, 동성코퍼레이션,2012년:100 2013년:100 2014년:170 2015년:200 
103590, 일진전기,2012년:50 2013년:70 2014년:80 2015년:80 
000430, 대원강업,2012년:110 2013년:120 2014년:120 2015년:125 
044450, KSS해운,2012년:90 2013년:130 2014년:200 2015년:260 
043360, 디지아이,2012년:50 2013년:50 2014년:50 2015년:50 
067570, 엔브이에이치코리아,2012년:50 2013년:100 2014년:100 2015년:120 
001520, 동양,2012년:- 2013년:- 2014년:- 2015년:100 
065150, MPK,2011년:20 2012년:20 2013년:10 2014년:5 
092730, 네오팜,2012년:75 2013년:100 2014년:250 2015년:250 
033310, 디케이디앤아이,2012년:- 2013년:- 2014년:- 2015년:50 
013990, 아가방컴퍼니,2011년:80 2012년:40 2013년:40 2014년:- 
058850, KTcs,2012년:100 2013년:120 2014년:120 2015년:100 
010240, 흥국,2012년:150 2013년:100 2014년:100 2015년:100 
058610, 에스피지,2012년:200 2013년:200 2014년:200 2015년:50 
033560, 블루콤,2012년:200 2013년:300 2014년:400 2015년:400 
014830, 유니드,2012년:750 2013년:1000 2014년:1100 2015년:1100 
058860, 케이티스,2012년:100 2013년:120 2014년:120 2015년:100 
011320, 유니크,2012년:50 2013년:65 2014년:75 2015년:100 
007070, GS리테일,2012년:400 2013년:450 2014년:600 2015년:850 
082920, 비츠로셀,2014년:60 2014년:- 2015년:45 2016년:75 
151860, KG ETS,2012년:- 2013년:50 2014년:100 2015년:100 
001770, 신화실업,2012년:300 2013년:150 2014년:200 2015년:350 
000680, LS네트웍스,2012년:50 2013년:10 2014년:10 2015년:- 
136480, 하림,2011년:50 2012년:- 2013년:- 2014년:- 
002600, 조흥,2012년:2500 2013년:1500 2014년:2500 2015년:2500 
043370, 평화정공,2012년:140 2013년:140 2014년:140 2015년:140 
023760, 한국캐피탈,2013년:40 2013년:25 2014년:20 2015년:26 
064290, 인텍플러스,2012년:50 2013년:- 2014년:- 2015년:- 
000660, SK하이닉스,2012년:- 2013년:- 2014년:300 2015년:500 
001750, 한양증권,2013년:250 2014년:250 2014년:350 2015년:400 
002840, 미원상사,2012년:1800 2013년:- 2014년:- 2015년:- 
041190, 우리기술투자,2011년:10 2012년:- 2013년:- 2014년:15 
001510, SK증권,2012년:- 2013년:- 2013년:- 2014년:- 
086060, 진바이오텍,2012년:30 2013년:30 2014년:30 2015년:30 
011560, 세보엠이씨,2012년:125 2013년:100 2014년:125 2015년:175 
033320, 제이씨현시스템,2012년:- 2013년:15 2014년:15 2015년:15 
010470, 오리콤,2012년:150 2013년:200 2014년:200 2015년:200 
014820, 동원시스템즈,2012년:- 2013년:- 2014년:250 2015년:250 
115570, 스타플렉스,2012년:200 2013년:200 2014년:- 2015년:- 
036830, 솔브레인,2012년:375 2013년:450 2014년:450 2015년:500 
136490, 선진,2012년:100 2013년:100 2014년:100 2015년:100 
009240, 한샘,2012년:600 2013년:700 2014년:850 2015년:1000 
053160, 프리엠스,2012년:50 2013년:50 2014년:50 2015년:50 
067310, 하나마이크론,2012년:- 2013년:- 2014년:100 2015년:50 
000670, 영풍,2012년:7500 2013년:7500 2014년:7500 2015년:9750 
045300, 성우테크론,2012년:45 2013년:50 2014년:25 2015년:25 
069730, DSR제강,2012년:30 2013년:30 2014년:30 2015년:40 
005500, 삼진제약,2012년:300 2013년:400 2014년:500 2015년:600 
048470, 대동스틸,2012년:30 2013년:30 2014년:30 2015년:30 
036490, SK머티리얼즈,2012년:2850 2013년:500 2014년:1000 2015년:2560 
012280, 영화금속,2012년:20 2013년:20 2014년:30 2015년:50 
036010, 아비코전자,2012년:30 2013년:70 2014년:150 2015년:200 
122800, 썬텍,2012년:60 2013년:- 2014년:- 2015년:150 
086980, 쇼박스,2012년:- 2013년:- 2014년:- 2015년:50 
041830, 인바디,2012년:40 2013년:40 2014년:60 2015년:80 
005750, 대림B&Co,2012년:- 2013년:67 2014년:100 2015년:130 
002240, 고려제강,2012년:350 2013년:350 2014년:350 2015년:350 
006840, AK홀딩스,2012년:150 2013년:200 2014년:350 2015년:500 
000060, 메리츠화재,2013년:300 2013년:320 2014년:380 2015년:570 
060590, 씨티씨바이오,2011년:- 2012년:- 2013년:- 2014년:- 
002000, 한국유리,2012년:- 2013년:- 2014년:100 2015년:775 
210540, 디와이파워,-년:- -년:- 2014년:- 2015년:100 
114190, 웰크론강원,2011년:150 2012년:50 2013년:30 2014년:- 
175330, JB금융지주,-년:- 2013년:100 2014년:100 2015년:50 
001390, KG케미칼,2012년:150 2013년:1000 2014년:350 2015년:350 
005990, 매일유업,2012년:125 2013년:125 2014년:125 2015년:125 
003570, S&T중공업,2012년:300 2013년:150 2014년:100 2015년:200 
029960, 코엔텍,2012년:- 2013년:25 2014년:25 2015년:25 
155960, 지디,-년:- 2012년:150 2013년:200 2014년:100 
094360, 칩스앤미디어,2012년:- 2013년:- 2014년:- 2015년:170 
097870, 효성오앤비,2013년:200 2014년:230 2015년:250 2016년:200 
038680, 에스넷,2012년:50 2013년:100 2014년:50 2015년:25 
013360, 일성건설,2012년:150 2013년:150 2014년:- 2015년:250 
017960, 한국카본,2012년:70 2013년:100 2014년:120 2015년:130 
037350, 성도이엔지,2012년:50 2013년:70 2014년:50 2015년:50 
051630, 진양화학,2012년:100 2013년:185 2014년:215 2015년:125 
013120, 동원개발,2012년:400 2013년:450 2014년:650 2015년:100 
012030, 동부CNI,2012년:100 2013년:- 2014년:- 2015년:- 
217190, 제너셈,2012년:- 2013년:50 2014년:50 2015년:50 
087600, 픽셀플러스,2012년:- 2013년:300 2014년:150 2015년:100 
000050, 경방,2012년:- 2013년:250 2014년:500 2015년:1250 
004650, 창해에탄올,2012년:- 2013년:- 2014년:500 2015년:500 
001140, 국보,2012년:50 2013년:50 2014년:50 2015년:50 
002230, 피에스텍,2012년:50 2013년:50 2014년:50 2015년:50 
005740, 크라운제과,2012년:1000 2013년:1000 2014년:1000 2015년:2000 
004890, 동일산업,2012년:1250 2013년:750 2014년:1000 2015년:600 
104120, 신성에프에이,2012년:- 2013년:- 2014년:- 2015년:- 
053800, 안랩,2012년:400 2013년:200 2014년:300 2015년:500 
007700, F&F,2012년:100 2013년:100 2014년:150 2015년:200 
039980, 리노스,2012년:100 2013년:- 2014년:50 2015년:50 
017510, 세명전기,2012년:70 2013년:80 2014년:80 2015년:80 
037560, CJ헬로비전,2012년:- 2013년:75 2014년:75 2015년:75 
039740, 한국정보공학,2011년:- 2012년:- 2013년:- 2014년:- 
086520, 에코프로,2012년:- 2013년:- 2014년:- 2015년:- 
119860, 다나와,2012년:200 2013년:220 2014년:220 2015년:250 
170900, 동아에스티,-년:- 2013년:250 2014년:750 2015년:1000 
183190, 아세아시멘트,-년:- 2013년:1250 2014년:1500 2015년:1500 
002020, 코오롱,2012년:500 2013년:500 2014년:500 2015년:500 
023160, 태광,2012년:15 2013년:15 2014년:15 2015년:100 
000080, 하이트진로,2012년:1250 2013년:1100 2014년:1000 2015년:1000 
003350, 한국화장품제조,2011년:- 2012년:- 2013년:- 2014년:- 
093050, LF,2012년:400 2013년:400 2014년:500 2015년:500 
099830, 씨그널정보통신,2012년:- 2013년:- 2014년:- 2015년:- 
072130, 유엔젤,2012년:150 2013년:150 2014년:100 2015년:100 
069140, 누리플랜,2012년:- 2013년:- 2014년:- 2015년:- 
071280, 로체시스템즈,2011년:- 2012년:- 2013년:50 2014년:- 
036480, 대성미생물,2012년:850 2013년:850 2014년:850 2015년:1000 
014470, 리홈,2012년:- 2013년:- 2014년:- 2015년:- 
035150, 백산,2012년:60 2013년:80 2014년:60 2015년:60 
068290, 삼성출판사,2012년:100 2013년:100 2014년:100 2015년:130 
036000, 예림당,2011년:150 2012년:150 2013년:150 2014년:150 
037330, 인지디스플레,2012년:50 2013년:50 2014년:50 2015년:50 
200780, 비씨월드제약,2012년:500 2013년:500 2014년:100 2015년:- 
119850, 지엔씨에너지,2012년:- 2013년:50 2014년:70 2015년:80 
117670, 알파칩스,2012년:60 2013년:70 2014년:70 2015년:40 
144620, 코오롱머티리얼,-년:- 2012년:100 2013년:200 2014년:- 
084110, 휴온스글로벌,2012년:150 2013년:200 2014년:400 2015년:550 
189980, 흥국에프엔비,2012년:- 2013년:100 2014년:200 2015년:200 
059100, 아이컴포넌트,2012년:- 2013년:- 2014년:- 2015년:100 
119610, 인터로조,2012년:70 2013년:70 2014년:70 2015년:120 
004430, 송원산업,2012년:80 2013년:70 2014년:60 2015년:70 
003100, 선광,2012년:400 2013년:400 2014년:500 2015년:350 
000070, 삼양홀딩스,2012년:1500 2013년:1250 2014년:1500 2015년:1500 
060560, 홈센타,2012년:- 2013년:- 2014년:- 2015년:50 
002250, 근화제약,2011년:600 2012년:- 2013년:- 2014년:- 
051600, 한전KPS,2012년:1440 2013년:1520 2014년:1670 2015년:1690 
048430, 유라테크,2012년:100 2013년:100 2014년:100 2015년:135 
096350, 대창솔루션,2012년:50 2013년:30 2014년:30 2015년:30 
005940, NH투자증권,2013년:100 2013년:50 2014년:160 2015년:400 
071050, 한국금융지주,2013년:600 2013년:200 2014년:700 2015년:1000 
011390, 부산산업,2012년:- 2013년:- 2014년:250 2015년:250 
015750, 성우하이텍,2012년:200 2013년:200 2014년:200 2015년:200 
036690, 코맥스,2012년:100 2013년:100 2014년:60 2015년:60 
010060, OCI,2011년:2200 2012년:400 2013년:- 2014년:200 
013570, 디와이,2012년:200 2013년:150 2014년:230 2015년:110 
138360, 에이씨티,2012년:- 2013년:175 2014년:175 2015년:60 
033180, 필룩스,2012년:30 2013년:35 2014년:40 2015년:- 
009070, KCTC,2012년:250 2013년:250 2014년:30 2015년:35 
002680, 영남제분,2011년:- 2012년:25 2013년:- 2014년:- 
026890, 디피씨,2012년:50 2013년:50 2014년:50 2015년:50 
005950, 이수화학,2012년:450 2013년:450 2014년:100 2015년:300 
003530, 한화투자증권,2013년:- 2013년:- 2014년:70 2015년:- 
095270, 웨이브일렉트로,2011년:- 2012년:- 2013년:- 2014년:- 
049770, 동원F&B,2012년:1500 2013년:2000 2014년:3000 2015년:2500 
000020, 동화약품,2012년:80 2013년:70 2014년:80 2015년:80 
131970, 테스나,-년:- -년:- 2013년:170 2014년:120 
068270, 셀트리온,2012년:90 2013년:30 2014년:50 2015년:30 
002420, 세기상사,2011년:- 2012년:- 2013년:- 2014년:- 
005930, 삼성전자,2012년:8000 2013년:14300 2014년:20000 2015년:21000 
004840, DRB동일,2012년:57 2013년:56 2014년:75 2015년:74 
196490, 디에이테크놀로지,2012년:400 2013년:400 2014년:50 2015년:50 
108790, 인터파크,2012년:- 2013년:- 2014년:100 2015년:250 
036460, 한국가스공사,2012년:1640 2013년:- 2014년:250 2015년:170 
078930, GS,2012년:1350 2013년:1350 2014년:1200 2015년:1500 
010050, 금호종금,2012년:- 2013년:- 2014년:- 2014년:- 
084370, 유진테크,2012년:150 2013년:150 2014년:150 2015년:200 
058470, 리노공업,2012년:1000 2013년:550 2014년:700 2015년:800 
086790, 하나금융지주,2012년:450 2013년:400 2014년:600 2015년:650 
000490, 대동공업,2012년:50 2013년:50 2014년:60 2015년:50 
073490, 이노와이어리스,2011년:180 2012년:150 2013년:- 2014년:- 
001340, 백광산업,2011년:500 2012년:40 2013년:- 2014년:- 
023150, MH에탄올,2012년:- 2013년:- 2014년:200 2015년:250 
094170, 동운아나텍,2012년:20 2013년:90 2014년:100 2015년:140 
000250, 삼천당제약,2012년:50 2013년:50 2014년:75 2015년:50 
049520, 유아이엘,2012년:100 2013년:500 2014년:600 2015년:620 
060540, 에스에이티,2012년:50 2013년:- 2014년:- 2015년:- 
067170, 오텍,2012년:50 2013년:50 2014년:70 2015년:70 
027710, 팜스토리,2012년:- 2013년:25 2014년:25 2015년:- 
047560, 이스트소프트,2011년:100 2012년:- 2013년:- 2014년:- 
073010, 케이에스피,2011년:125 2012년:- 2013년:- 2014년:- 
003300, 한일시멘트,2012년:1000 2013년:1400 2014년:1500 2015년:1500 
005720, 넥센,2012년:400 2013년:500 2014년:550 2015년:550 
109610, 에스와이패널,2012년:- 2013년:- 2014년:- 2015년:- 
011170, 롯데케미칼,2012년:1000 2013년:1000 2014년:1000 2015년:2500 
014680, 한솔케미칼,2012년:500 2013년:500 2014년:600 2015년:800 
037760, 쎄니트,2012년:- 2013년:- 2014년:20 2015년:30 
014200, 광림,2012년:- 2013년:- 2014년:- 2015년:- 
036670, KCI,2012년:50 2013년:75 2014년:90 2015년:130 
014440, 영보화학,2012년:50 2013년:100 2014년:100 2015년:100 
058220, 아리온,2012년:150 2013년:- 2014년:- 2015년:- 
033160, 엠케이전자,2012년:150 2013년:160 2014년:150 2015년:120 
016610, 동부증권,2012년:- 2013년:250 2013년:- 2014년:100 
003550, LG,2012년:1000 2013년:1000 2014년:1000 2015년:1300 
002460, 화성산업,2012년:100 2013년:250 2014년:400 2015년:520 
001130, 대한제분,2012년:2500 2013년:2000 2014년:2500 2015년:2000 
002220, 한일철강,2011년:- 2012년:250 2013년:400 2014년:150 
003310, 대주산업,2012년:- 2013년:- 2014년:- 2015년:25 
025540, 한국단자,2012년:300 2013년:350 2014년:450 2015년:600 
130660, 한전산업,2012년:27 2013년:198 2014년:134 2015년:169 
067160, 아프리카TV,2012년:110 2013년:115 2014년:150 2015년:200 
002200, 수출포장,2012년:750 2013년:500 2014년:500 2015년:500 
005710, 대원산업,2012년:75 2013년:75 2014년:125 2015년:125 
109860, 동일금속,2012년:200 2013년:150 2014년:140 2015년:160 
006800, 미래에셋대우,2013년:120 2013년:- 2014년:250 2015년:330 
044060, 조광ILI,2012년:80 2013년:80 2014년:80 2015년:80 
013580, 계룡건설,2011년:100 2012년:- 2013년:- 2014년:- 
011160, 두산건설,2012년:- 2013년:- 2014년:100 2015년:- 
015760, 한국전력,2012년:- 2013년:90 2014년:500 2015년:3100 
017940, E1,2012년:1600 2013년:2000 2014년:2000 2015년:2600 
038620, 위즈정보기술,2012년:- 2013년:- 2014년:- 2015년:- 
036200, 유니셈,2012년:- 2013년:- 2014년:- 2015년:60 
163560, 동일고무벨트,2012년:59 2013년:58 2014년:77 2015년:76 
058450, 일야,2012년:- 2013년:- 2014년:70 2015년:110 
034020, 두산중공업,2012년:750 2013년:750 2014년:750 2015년:850 
119650, KC코트렐,2012년:470 2013년:100 2014년:- 2015년:- 
054090, 삼진엘앤디,2012년:70 2013년:50 2014년:- 2015년:50 
161390, 한국타이어,2012년:400 2013년:400 2014년:400 2015년:400 
139480, 이마트,2012년:1500 2013년:1500 2014년:1500 2015년:1500 
016600, 큐캐피탈,2012년:14 2013년:- 2014년:- 2015년:- 
032080, 아즈텍WB,2012년:50 2013년:- 2014년:50 2015년:50 
000270, 기아차,2012년:650 2013년:700 2014년:1000 2015년:1100 
002450, 삼익악기,2012년:- 2013년:50 2014년:50 2015년:50 
003780, 진양산업,2012년:200 2013년:150 2014년:150 2015년:200 
094190, 이엘케이,2012년:- 2013년:- 2014년:- 2015년:- 
001120, LG상사,2012년:500 2013년:300 2014년:300 2015년:200 
003540, 대신증권,2013년:500 2013년:200 2014년:250 2015년:500 
002210, 동성제약,2011년:30 2012년:30 2013년:30 2014년:- 
005960, 동부건설,2012년:- 2013년:- 2014년:- 2015년:- 
071090, 하이스틸,2011년:150 2012년:350 2013년:100 2014년:150 
089600, 나스미디어,2012년:177 2013년:170 2014년:290 2015년:360 
000030, 우리은행,2012년:- 2013년:- 2014년:500 2015년:500 
002690, 동일제강,2012년:- 2013년:- 2014년:- 2015년:20 
025550, 한국선재,2012년:- 2013년:- 2014년:100 2015년:100 
052330, 코텍,2012년:250 2013년:250 2014년:200 2015년:250 
053660, 현진소재,2012년:50 2013년:- 2014년:- 2015년:- 
032960, 동일기연,2012년:60 2013년:60 2014년:60 2015년:60 
019990, 에너토크,2012년:100 2013년:70 2014년:100 2015년:70 
051490, 나라엠앤디,2012년:120 2013년:120 2014년:120 2015년:110 
066970, 엘앤에프,2012년:20 2013년:20 2014년:20 2015년:20 
061040, 알에프텍,2012년:100 2013년:100 2014년:50 2015년:50 
042520, 한스바이오메드,2012년:70 2013년:100 2014년:100 2015년:100 
006200, 한국전자홀딩스,2011년:- 2012년:- 2013년:- 2014년:- 
085810, 알티캐스트,-년:- -년:- 2013년:- 2014년:150 
086900, 메디톡스,2012년:500 2013년:1000 2014년:1500 2015년:1700 
007530, 영신금속,2012년:10 2013년:30 2014년:25 2015년:40 
191420, 테고사이언스,-년:- -년:- -년:- 2014년:50 
005110, 한창,2012년:- 2013년:- 2014년:15 2015년:16 
004020, 현대제철,2012년:500 2013년:500 2014년:750 2015년:750 
007770, 한일화학,2012년:150 2013년:150 2014년:150 2015년:120 
039130, 하나투어,2012년:1000 2013년:1100 2014년:1300 2015년:1500 
030790, 동양네트웍스,2012년:- 2013년:- 2014년:- 2015년:- 
095610, 테스,2012년:- 2013년:80 2014년:160 2015년:210 
004490, 세방전지,2012년:350 2013년:300 2014년:300 2015년:350 
083640, 윈포넷,2011년:- 2012년:- 2013년:- 2014년:- 
002070, 남영비비안,2012년:250 2013년:400 2014년:200 2015년:200 
122870, 와이지엔터테인먼트,2012년:300 2013년:300 2014년:250 2015년:350 
027390, 한화갤러리아타임월드,2012년:700 2013년:1000 2014년:1000 2015년:1000 
003160, 디아이,2012년:- 2013년:- 2014년:75 2015년:50 
004250, NPC,2012년:65 2013년:70 2014년:70 2015년:75 
084730, 팅크웨어,2012년:- 2013년:- 2014년:- 2015년:- 
041440, 에버다임,2012년:170 2013년:190 2014년:150 2015년:100 
018680, 서울제약,2012년:60 2013년:50 2014년:35 2015년:25 
071670, 에이테크솔루션,2011년:100 2012년:- 2013년:- 2014년:- 
108320, 실리콘웍스,2012년:650 2013년:600 2014년:600 2015년:1000 
092130, 이크레더블,2012년:300 2013년:320 2014년:350 2015년:420 
039340, 한국경제TV,2012년:50 2013년:40 2014년:50 2015년:60 
142280, 녹십자엠에스,2009년:750 2010년:750 2011년:75 2014년:50 
000910, 유니온,2012년:60 2013년:60 2014년:70 2015년:70 
038010, 제일테크노스,2012년:100 2013년:100 2014년:800 2015년:80 
030520, 한글과컴퓨터,2012년:250 2013년:200 2014년:260 2015년:400 
129260, 인터지스,2012년:120 2013년:60 2014년:150 2015년:100 
019770, 서연탑메탈,2012년:75 2013년:75 2014년:80 2015년:40 
200130, 콜마비앤에이치,2013년:- 2013년:- 2014년:- 2015년:125 
078070, 유비쿼스,2012년:100 2013년:120 2014년:200 2015년:300 
083650, 비에이치아이,2011년:70 2012년:210 2013년:140 2014년:- 
079160, CJ CGV,2012년:350 2013년:350 2014년:350 2015년:350 
024090, 디씨엠,2012년:600 2013년:200 2014년:200 2015년:200 
010950, S-Oil,2012년:2650 2013년:1330 2014년:150 2015년:2400 
041650, 상신브레이크,2012년:130 2013년:140 2014년:160 2015년:170 
131390, 피앤이솔루션,2012년:60 2013년:- 2014년:- 2015년:- 
042500, 링네트,2012년:- 2013년:- 2014년:- 2015년:- 
029780, 삼성카드,2012년:700 2013년:700 2014년:1000 2015년:1500 
006220, 제주은행,2012년:50 2013년:100 2014년:100 2015년:100 
007310, 오뚜기,2012년:3000 2013년:3500 2014년:4000 2015년:5200 
009970, 영원무역홀딩스,2012년:500 2013년:500 2014년:500 2015년:500 
070590, 한솔인티큐브,2012년:- 2013년:30 2014년:30 2015년:30 
021820, 세원정공,2013년:100 2014년:100 2015년:100 2016년:100 
016250, 이테크건설,2012년:500 2013년:- 2014년:500 2015년:500 
018670, SK가스,2012년:1700 2013년:1750 2014년:2050 2015년:2050 
071200, 인피니트헬스케어,2012년:- 2013년:- 2014년:- 2015년:- 
227840, 현대씨앤에프,-년:- -년:- -년:- 2015년:200 
150900, 파수닷컴,2012년:50 2013년:50 2014년:50 2015년:50 
004270, 남성,2012년:250 2013년:250 2014년:250 2015년:25 
083420, KPX그린케미칼,2012년:150 2013년:150 2014년:160 2015년:160 
079170, 한창산업,2012년:150 2013년:150 2014년:120 2015년:100 
081000, 일진다이아,2012년:100 2013년:100 2014년:100 2015년:150 
123700, SJM,2012년:100 2013년:200 2014년:200 2015년:200 
064760, 티씨케이,2012년:120 2013년:35 2014년:120 2015년:240 
026040, 제이에스티나,2012년:100 2013년:125 2014년:100 2015년:100 
061250, 화일약품,2012년:100 2013년:100 2014년:100 2015년:150 
100840, S&TC,2012년:200 2013년:300 2014년:500 2015년:500 
007540, 샘표식품,2012년:300 2013년:300 2014년:300 2015년:300 
005360, 모나미,2012년:50 2013년:50 2014년:50 2015년:60 
101930, 인화정공,2012년:50 2013년:50 2014년:50 2015년:50 
008870, 금비,2012년:1200 2013년:1200 2014년:1000 2015년:1500 
100660, 서암기계공업,2012년:75 2013년:75 2014년:75 2015년:50 
093240, 에리트베이직,2012년:125 2013년:125 2014년:- 2015년:- 
018620, 우진비앤지,2012년:54 2013년:54 2014년:20 2015년:50 
122690, 서진오토모티브,2012년:50 2013년:60 2014년:60 2015년:60 
015350, 부산가스,2012년:1000 2013년:1000 2014년:500 2015년:500 
120030, 조선선재,2011년:- 2012년:- 2013년:- 2014년:- 
122450, KMH,2012년:- 2013년:- 2014년:- 2015년:- 
053620, 태양,2011년:100 2012년:100 2013년:100 2014년:- 
054950, 제이브이엠,2012년:- 2013년:- 2014년:- 2015년:- 
050110, 캠시스,2012년:- 2013년:30 2014년:- 2015년:- 
139050, 경봉,2012년:50 2013년:- 2014년:- 2015년:- 
142210, 유니트론텍,2012년:2280 2013년:9261 2014년:- 2015년:831 
170920, 엘티씨,2012년:- 2013년:150 2014년:150 2015년:150 
024070, WISCOM,2012년:300 2013년:300 2014년:250 2015년:150 
080160, 모두투어,2012년:450 2013년:500 2014년:510 2015년:390 
006400, 삼성SDI,2012년:1500 2013년:1500 2014년:1000 2015년:1000 
028670, STX팬오션,2012년:- 2013년:- 2014년:- 2015년:- 
060150, 인선이엔티,2011년:- 2012년:- 2013년:- 2014년:- 
027580, 상보,2012년:150 2013년:- 2014년:- 2015년:- 
006880, 신송홀딩스,2012년:- 2013년:- 2014년:80 2015년:80 
040300, YTN,2011년:25 2012년:10 2013년:10 2014년:10 
214320, 이노션,2012년:4000 2013년:4000 2014년:7000 2015년:900 
093230, 쉘라인,2012년:- 2013년:- 2014년:- 2015년:- 
039570, 아이콘트롤스,2012년:3000 2013년:2000 2014년:2000 2015년:250 
114810, 아이원스,-년:- -년:- 2013년:50 2014년:50 
053610, 프로텍,2012년:150 2013년:80 2014년:160 2015년:150 
085620, 미래에셋생명,2013년:- 2013년:- 2014년:100 2015년:55 
029530, 신도리코,2012년:2500 2013년:2250 2014년:1500 2015년:1200 
003120, 일성신약,2012년:300 2013년:250 2014년:500 2015년:750 
060380, 동양에스텍,2012년:100 2013년:100 2014년:100 2015년:100 
049120, 파인디앤씨,2012년:25 2013년:- 2014년:25 2015년:40 
005300, 롯데칠성,2012년:3500 2013년:3750 2014년:4900 2015년:9200 
004690, 삼천리,2012년:3000 2013년:3000 2014년:2000 2015년:2500 
079190, EMW,2012년:- 2013년:- 2014년:- 2015년:- 
002270, 롯데푸드,2012년:1250 2013년:1500 2014년:2500 2015년:4780 
004450, 삼화왕관,2012년:1150 2013년:1200 2014년:1250 2015년:1300 
002030, 아세아,2012년:1000 2013년:1000 2014년:1500 2015년:1500 
131100, 리켐,2012년:- 2013년:- 2014년:- 2015년:- 
014280, 금강공업,2012년:350 2013년:350 2014년:400 2015년:400 
030720, 동원수산,2011년:500 2012년:250 2013년:- 2014년:- 
214330, 금호에이치티,2012년:3000 2013년:3000 2014년:500 2015년:125 
096770, SK이노베이션,2012년:3200 2013년:3200 2014년:- 2015년:4800 
046070, 코다코,2012년:- 2013년:50 2014년:50 2015년:55 
030960, 양지사,2013년:50 2014년:50 2015년:50 2016년:50 
054930, 유신,2011년:- 2012년:- 2013년:- 2014년:- 
018880, 한온시스템,2012년:716 2013년:970 2014년:970 2015년:970 
237690, 에스티팜,2012년:- 2013년:9000 2014년:125 2015년:250 
145990, 삼양사,2012년:500 2013년:1000 2014년:1500 2015년:1500 
017550, 수산중공업,2012년:25 2013년:- 2014년:15 2015년:- 
083450, GST,2011년:50 2012년:50 2013년:50 2014년:70 
086960, MDS테크,2012년:270 2013년:260 2014년:270 2015년:280 
042700, 한미반도체,2012년:500 2013년:500 2014년:500 2015년:500 
123750, 알톤스포츠,2012년:100 2013년:70 2014년:100 2015년:- 
020710, 시공테크,2011년:60 2012년:50 2013년:- 2014년:40 
226320, 잇츠스킨,2012년:- 2013년:250 2014년:905 2015년:1915 
004000, 롯데정밀화학,2012년:650 2013년:300 2014년:300 2015년:500 
008600, 윌비스,2012년:- 2013년:- 2014년:20 2015년:20 
060370, KT서브마린,2012년:500 2013년:117 2014년:120 2015년:50 
061460, 한진피앤씨,2012년:- 2013년:- 2014년:- 2015년:- 
006660, 삼성공조,2012년:60 2013년:50 2014년:80 2015년:100 
091090, 세원셀론텍,2012년:- 2013년:- 2014년:- 2015년:- 
096760, JW홀딩스,2012년:25 2013년:25 2014년:25 2015년:45 
112610, 씨에스윈드,2012년:280 2013년:350 2014년:700 2015년:300 
031820, 콤텍시스템,2011년:- 2012년:30 2013년:30 2014년:- 
037370, EG,2012년:50 2013년:50 2014년:50 2015년:50 
015360, 예스코,2012년:1350 2013년:1250 2014년:1250 2015년:1250 
106190, 하이텍팜,2012년:200 2013년:250 2014년:250 2015년:150 
120240, 대정화금,2012년:300 2013년:250 2014년:250 2015년:250 
039310, 세중,2012년:100 2013년:100 2014년:100 2015년:100 
016450, 한세예스24홀딩스,2012년:80 2013년:80 2014년:100 2015년:120 
088910, 동우,2012년:- 2013년:- 2014년:- 2015년:50 
002290, 삼일기업공사,2012년:250 2013년:150 2014년:25 2015년:25 
111770, 영원무역,2012년:200 2013년:200 2014년:200 2015년:200 
024060, 흥구석유,2012년:30 2013년:30 2014년:50 2015년:80 
008830, 대동기어,2012년:250 2013년:300 2014년:300 2015년:300 
101730, 조이맥스,2011년:- 2012년:- 2013년:- 2014년:- 
007980, 태평양물산,2012년:450 2013년:37 2014년:25 2015년:20 
006650, 대한유화,2012년:- 2013년:1000 2014년:1500 2015년:3000 
006890, 태경화학,2012년:150 2013년:150 2014년:150 2015년:150 
064960, S&T모티브,2012년:500 2013년:600 2014년:800 2015년:1000 
