종목코드,회사명,배당기록
018260, 삼성에스디에스,2013 : 250  2014 : 500  2015 : 500  2016 : 750  
215200, 메가스터디교육,- : -  - : -  2015 : 1200  2016 : 1000  
000970, 한국주철관,2013 : 175  2014 : 150  2015 : 125  2016 : 150  
001820, 삼화콘덴서,2013 : 50  2014 : 50  2015 : 50  2016 : 50  
024940, PN풍년,2013 : 25  2014 : 25  2015 : 25  2016 : 25  
068760, 셀트리온제약,2013 : -  2014 : 25  2015 : 15  2016 : 25  
101670, 코리아에스이,2013 : 80  2014 : 30  2015 : 120  2016 : 40  
088130, 동아엘텍,2013 : 105  2014 : 105  2015 : 130  2016 : 130  
092870, 엑시콘,2012 : -  2013 : -  2014 : -  2016 : 100  
032560, 황금에스티,2013 : 50  2014 : 50  2015 : 25  2016 : 75  
006040, 동원산업,2013 : 3000  2014 : 2000  2015 : 2000  2016 : 3000  
010770, 평화홀딩스,2013 : 100  2014 : 100  2015 : 100  2016 : 150  
006280, 녹십자,2013 : 1250  2014 : 1250  2015 : 1750  2016 : 1250  
007370, 진양제약,2013 : 100  2014 : 100  2015 : 100  2016 : 100  
053270, 구영테크,2012 : -  2013 : -  2014 : -  2015 : 100  
005190, 동성화학,2013 : 250  2014 : 250  2015 : 500  2016 : 500  
136540, 윈스,2013 : 200  2014 : 200  2015 : 240  2016 : 270  
131090, 시큐브,2013 : -  2014 : -  2015 : 114  2016 : 50  
047810, 한국항공우주,2013 : 200  2014 : 250  2015 : 400  2016 : 680  
081970, 한솔넥스지,2012 : -  2013 : 20  2014 : 20  2015 : 20  
009310, 참엔지니어링,2012 : -  2013 : -  2014 : -  2015 : -  
045890, 동부라이텍,2012 : -  2013 : -  2014 : -  2015 : -  
001810, 무림SP,2012 : 80  2013 : 50  2014 : 35  2015 : 35  
024950, 삼천리자전거,2013 : 150  2014 : 200  2015 : 200  2016 : 200  
002900, 동양물산,2013 : 150  2014 : 100  2015 : 150  2016 : 10  
101680, 한국정밀기계,2011 : 200  2012 : -  2013 : -  2014 : -  
089470, 현대EP,2013 : 80  2014 : 100  2015 : 130  2016 : 140  
066570, LG전자,2013 : 200  2014 : 400  2015 : 400  2016 : 400  
089230, 용현BM,2012 : -  2013 : -  2014 : -  2015 : -  
000720, 현대건설,2013 : 500  2014 : 500  2015 : 500  2016 : 500  
054340, 피앤텔,2012 : -  2013 : -  2014 : -  2015 : -  
900140, 코라오홀딩스,2013 : 14  2014 : 20  2015 : 100  2016 : 120  
033660, 아주캐피탈,2013 : 250  2014 : 300  2015 : 400  2016 : 350  
032580, 피델릭스,2011 : 30  2012 : 30  2013 : 30  2014 : -  
028080, 휴맥스홀딩스,2013 : 100  2014 : 100  2015 : 100  2016 : 100  
009780, 엠에스씨,2013 : 450  2014 : 450  2015 : 450  2016 : 60  
005180, 빙그레,2013 : 1250  2014 : 1250  2015 : 1250  2016 : 1250  
173940, 에프엔씨엔터,2012 : -  2013 : -  2014 : 400  2015 : 400  
012700, 리드코프,2013 : 100  2014 : 100  2015 : 150  2016 : 150  
035600, KG이니시스,2013 : 150  2014 : 200  2015 : 200  2016 : 250  
204320, 만도,- : -  2014 : 2000  2015 : 4800  2016 : 5000  
053260, 금강철강,2013 : 100  2014 : 100  2015 : 100  2016 : 100  
079430, 현대리바트,2013 : 60  2014 : 80  2015 : 80  2016 : 80  
004090, 한국석유,2013 : 1000  2014 : 1000  2015 : 1300  2016 : 1500  
078340, 컴투스,2012 : -  2013 : -  2014 : -  2016 : 1400  
104700, 한국철강,2013 : 900  2014 : 900  2015 : 900  2016 : 900  
195990, 유지인트,2012 : 345  2013 : 345  2014 : 345  2015 : 140  
137400, 피엔티,2009 : 60  2012 : 200  2013 : -  2014 : 100  
048910, 대원미디어,2012 : -  2013 : -  2014 : -  2015 : -  
009300, 삼아제약,2013 : 200  2014 : 200  2015 : 200  2016 : 250  
046970, 우리로광통신,2012 : 25  2013 : -  2014 : -  2015 : -  
009540, 현대중공업,2012 : 2500  2013 : 2000  2014 : -  2015 : -  
021650, 한국큐빅,2013 : 50  2014 : 50  2015 : 50  2016 : 25  
090470, 제이스텍,2013 : -  2014 : 50  2015 : 50  2016 : 100  
001840, 이화공영,2013 : -  2014 : 35  2015 : 35  2016 : 35  
122350, 삼기오토모티브,2013 : 70  2014 : 70  2015 : 90  2016 : 90  
214370, 케어젠,2013 : -  2014 : -  2015 : 600  2016 : 1000  
032540, TJ미디어,2013 : 80  2014 : -  2015 : 100  2016 : 60  
006060, 화승인더,2013 : -  2014 : -  2015 : 25  2016 : 25  
126700, 하이비젼시스템,2013 : 110  2014 : 50  2015 : 50  2016 : 20  
035810, 이지바이오,2013 : 50  2014 : 50  2015 : 50  2016 : 50  
014910, 성문전자,2013 : 5  2014 : -  2015 : -  2016 : -  
028050, 삼성엔지니어링,2012 : 3000  2013 : -  2014 : -  2015 : -  
066310, 큐에스아이,2012 : -  2013 : 50  2014 : -  2015 : 50  
101400, 네오피델리티,2012 : -  2013 : -  2014 : -  2015 : -  
134380, 미원화학,2013 : -  2014 : 400  2015 : 1250  2016 : 1000  
080420, 모다이노칩,2012 : 150  2013 : 150  2014 : 200  2015 : 100  
083930, 아바코,2013 : -  2014 : 50  2015 : 50  2016 : 200  
002920, 유성기업,2013 : 130  2014 : 130  2015 : 120  2016 : 120  
044780, 한광,2011 : 20  2012 : 20  2013 : -  2014 : -  
023600, 삼보판지,2013 : -  2014 : 50  2015 : 50  2016 : 50  
089010, 켐트로닉스,2013 : 425  2014 : 25  2015 : 50  2016 : 25  
016090, 대현,2013 : 23  2014 : 17  2015 : 35  2016 : 50  
000500, 가온전선,2013 : 1000  2014 : 600  2015 : 600  2016 : 600  
017180, 명문제약,2013 : 31  2014 : 35  2015 : 35  2016 : 68  
095910, 에스에너지,2013 : 100  2014 : 100  2015 : 100  2016 : 110  
900120, 씨케이에이치,2013 : -  2014 : -  2015 : -  2016 : 2  
034730, SK,2013 : 1500  2014 : 2000  2015 : 3400  2016 : 3700  
033640, 네패스,2012 : 100  2013 : -  2014 : -  2015 : 50  
094820, 일진파워,2013 : 150  2014 : 170  2015 : 170  2016 : 200  
010780, 아이에스동서,2013 : -  2014 : 400  2015 : 500  2016 : 1000  
008470, 부스타,2013 : 100  2014 : 90  2015 : 100  2016 : 100  
006050, 국영지앤엠,2012 : 20  2013 : -  2014 : 15  2015 : -  
123420, 선데이토즈,2012 : -  2013 : 50  2014 : -  2015 : -  
013810, 스페코,2012 : -  2013 : -  2014 : -  2015 : 50  
065450, 빅텍,2011 : -  2012 : -  2013 : -  2014 : -  
082850, 우리이티아이,2012 : 50  2013 : 25  2014 : 25  2015 : -  
042110, 에스씨디,2012 : -  2013 : -  2014 : -  2016 : 150  
017370, 우신시스템,2013 : 20  2014 : 20  2015 : 30  2016 : 30  
065690, 대진디엠피,2012 : -  2013 : -  2014 : -  2015 : -  
038070, 서린바이오,2013 : 150  2014 : 159  2015 : 156  2016 : 155  
091340, S&K폴리텍,2012 : 150  2013 : -  2014 : -  2015 : -  
024900, 덕양산업,2012 : 628  2013 : 3876  2014 : 40  2015 : 20  
215000, 골프존,- : -  - : -  2015 : 4000  2016 : 1600  
091580, 상신이디피,2013 : 50  2014 : 50  2015 : 50  2016 : 50  
023810, 인팩,2013 : 130  2014 : 140  2015 : 140  2016 : 150  
900110, 이스트아시아홀딩스,2013 : 10  2014 : 10  2015 : 10  2016 : 10  
214390, 경보제약,2013 : 3000  2014 : 3000  2015 : 275  2016 : 200  
093520, 매커스,2013 : -  2014 : -  2015 : 80  2016 : 100  
094850, 참좋은레져,2013 : 100  2014 : 100  2015 : 100  2016 : 150  
145210, 세화아이엠씨,2012 : -  2013 : -  2014 : -  2016 : 100  
031430, 신세계인터내셔날,2013 : 600  2014 : 600  2015 : 600  2016 : 600  
071970, STX중공업,2012 : 125  2013 : -  2014 : -  2015 : -  
005390, 신성통상,2012 : 5  2013 : -  2014 : -  2015 : -  
007570, 일양약품,2014 : 100  2015 : -  2015 : -  2016 : 100  
131290, 티에스이,2011 : 50  2012 : -  2013 : -  2014 : -  
064350, 현대로템,- : -  - : -  2013 : 125  2014 : -  
008420, 문배철강,2013 : 50  2014 : 50  2015 : 50  2016 : 50  
007330, 푸른저축은행,2013 : -  2014 : -  2015 : 300  2016 : 500  
043650, 국순당,2013 : 45  2014 : 50  2015 : 50  2016 : 50  
021880, 한국종합캐피탈,2013 : -  2014 : -  2015 : -  2016 : -  
089030, 테크윙,2013 : 120  2014 : 200  2015 : 220  2016 : 220  
101240, 씨큐브,2013 : -  2014 : 100  2015 : 100  2016 : 120  
105840, 우진,2013 : 130  2014 : 170  2015 : 200  2016 : 220  
065680, 우주일렉트로,2013 : 200  2014 : 250  2015 : 250  2016 : 300  
101000, 디엠씨,2013 : -  2014 : 25  2015 : 30  2016 : 20  
128940, 한미약품,2012 : -  2013 : -  2014 : -  2015 : 2000  
024910, 경창산업,2013 : 100  2014 : 80  2015 : 50  2016 : 70  
053210, 스카이라이프,2013 : 455  2014 : 350  2015 : 350  2016 : 415  
054540, 삼영엠텍,2013 : 80  2014 : -  2015 : 80  2016 : 90  
053450, 세코닉스,2013 : 300  2014 : 100  2015 : 200  2016 : 200  
034950, 한국기업평가,2013 : 1778  2014 : 1682  2015 : 1537  2016 : 1947  
019540, 일지테크,2013 : 60  2014 : 100  2015 : 100  2016 : 150  
031440, 신세계푸드,2013 : 750  2014 : 750  2015 : 500  2016 : 600  
030350, 드래곤플라이,2012 : 100  2013 : -  2014 : -  2015 : -  
094840, 슈프리마,2012 : -  2013 : -  2014 : -  2015 : -  
005380, 현대차,2013 : 1950  2014 : 3000  2015 : 4000  2016 : 4000  
229640, LS전선아시아,- : -  - : -  2015 : 250  2016 : 150  
011810, STX,2012 : 125  2013 : -  2014 : -  2015 : -  
078140, 대봉엘에스,2013 : 50  2014 : 50  2015 : 50  2016 : 50  
010960, 삼호개발,2013 : 90  2014 : 100  2015 : 100  2016 : 130  
068940, 아이씨케이,2011 : 70  2012 : -  2013 : -  2014 : -  
020760, 일진디스플,2011 : 100  2012 : 200  2013 : 200  2014 : 100  
192440, 슈피겐코리아,2013 : 440  2014 : 660  2015 : 600  2016 : 500  
017390, 서울가스,2013 : 1250  2014 : 1500  2015 : 1750  2016 : 1750  
001800, 오리온,2013 : 3000  2014 : 6000  2015 : 6000  2016 : 6000  
136510, 쎄미시스코,2013 : 20  2014 : 20  2015 : 20  2016 : 30  
091120, 이엠텍,2012 : -  2013 : -  2014 : -  2016 : 200  
100120, 뷰웍스,2013 : 100  2014 : 100  2015 : 100  2016 : 200  
138930, BNK금융지주,2013 : 280  2014 : 200  2015 : 150  2016 : 230  
000950, 전방,2011 : -  2012 : -  2013 : -  2014 : -  
115610, 이미지스,2011 : 50  2012 : -  2013 : -  2014 : -  
033830, 티비씨,2012 : 60  2013 : 200  2014 : 150  2015 : 150  
095720, 웅진씽크빅,2011 : 410  2012 : -  2013 : -  2014 : -  
009770, 삼정펄프,2013 : 1000  2014 : 1000  2015 : 1250  2016 : 1650  
006260, LS,2013 : 1250  2014 : 1250  2015 : 1250  2016 : 1250  
192410, 감마누,- : -  - : -  - : -  2014 : 200  
004080, 신흥,2013 : 200  2014 : 200  2015 : 200  2016 : 200  
078150, HB테크놀러지,2013 : -  2014 : -  2015 : -  2016 : 30  
007590, 동방아그로,2013 : 200  2014 : 200  2015 : 220  2016 : 250  
079000, 와토스코리아,2013 : -  2014 : 150  2015 : 150  2016 : 150  
053690, 한미글로벌,2013 : 200  2014 : 250  2015 : 250  2016 : 300  
228340, 동양파일,2013 : -  2014 : -  2015 : -  2016 : 250  
082640, 동양생명,2013 : 200  2014 : 550  2015 : 620  2016 : 200  
085910, 네오티스,2013 : 350  2014 : 350  2015 : 350  2016 : 350  
044960, 이-글 벳,2013 : 60  2014 : 60  2015 : 60  2016 : 20  
068930, 디지털대성,2013 : 120  2014 : 160  2015 : 160  2016 : 160  
134580, 디엠티,2012 : -  2013 : 100  2014 : 70  2015 : 65  
018470, 조일알미늄,2013 : 15  2014 : -  2015 : 15  2016 : 15  
000700, 유수홀딩스,2013 : -  2014 : -  2015 : 75  2016 : 50  
038060, 루멘스,2011 : -  2012 : -  2013 : -  2014 : 25  
092440, 기신정기,2013 : 200  2014 : 200  2015 : 200  2016 : 150  
100130, 동국S&C,2013 : 70  2014 : 70  2015 : 100  2016 : 120  
091590, 남화토건,2013 : 100  2014 : 100  2015 : 70  2016 : 100  
023800, 인지컨트롤스,2013 : 100  2014 : 100  2015 : 150  2016 : 100  
214180, 민앤지,- : -  2014 : -  2015 : 350  2016 : 450  
033600, 이젠텍,2011 : 100  2012 : 100  2013 : -  2014 : -  
056700, 신화인터텍,2012 : -  2013 : -  2014 : -  2016 : 50  
092200, 디아이씨,2012 : 50  2013 : 50  2014 : -  2016 : 50  
032750, 삼진,2013 : 100  2014 : 100  2015 : 120  2016 : 120  
213090, 미래테크놀로지,- : -  2013 : -  2014 : 2500  2016 : 100  
080470, 성창오토텍,2012 : 80  2013 : 80  2014 : 50  2015 : 50  
005160, 동국산업,2013 : 120  2014 : 120  2015 : 140  2016 : 150  
151910, 나노스,2012 : 100  2013 : 125  2014 : 150  2015 : -  
028260, 삼성물산,2013 : -  2014 : -  2015 : 500  2016 : 550  
041460, 한국전자인증,2013 : 38  2014 : 39  2015 : 42  2016 : 46  
009520, 포스코엠텍,2013 : 50  2014 : -  2015 : 50  2016 : 25  
007340, 동아타이어,2013 : 100  2014 : 150  2015 : 250  2016 : 350  
067830, 세이브존I&C,2013 : 30  2014 : 30  2015 : 30  2016 : 30  
020180, 대신정보통신,2013 : -  2014 : -  2015 : 15  2016 : 15  
102120, 어보브반도체,2013 : 50  2014 : 40  2015 : 40  2016 : 50  
001420, 태원물산,2013 : 84  2014 : 80  2015 : 90  2016 : 100  
192080, 더블유게임즈,2013 : -  2014 : -  2015 : -  2016 : 650  
099660, 신텍,2012 : -  2013 : -  2014 : -  2015 : -  
105630, 한세실업,2013 : 150  2014 : 200  2015 : 250  2016 : 330  
220630, 해마로푸드서비스,- : -  2014 : -  2015 : -  2016 : 25  
091700, 파트론,2013 : 300  2014 : 250  2015 : 250  2016 : 200  
090850, 이지웰페어,2013 : 50  2014 : 75  2015 : 75  2016 : 40  
038950, 파인디지털,2013 : 100  2014 : 100  2015 : 100  2016 : 50  
161570, 미동전자통신,2012 : -  2013 : -  2014 : 50  2015 : -  
079810, 디이엔티,2012 : -  2013 : -  2014 : -  2015 : -  
010140, 삼성중공업,2012 : 500  2013 : 500  2014 : 250  2015 : -  
036530, S&T홀딩스,2013 : 400  2014 : 215  2015 : 265  2016 : 350  
115440, 우리넷,2012 : 160  2013 : 150  2014 : 150  2015 : 150  
034590, 인천도시가스,2013 : 1250  2014 : 1250  2015 : 1250  2016 : 1250  
009150, 삼성전기,2013 : 750  2014 : 750  2015 : 500  2016 : 500  
008060, 대덕전자,2013 : 300  2014 : 300  2015 : 300  2016 : 300  
002760, 보락,2013 : 20  2014 : 70  2015 : 30  2016 : 70  
023460, CNH,2013 : 20  2014 : 50  2015 : 15  2016 : 25  
174880, 장원테크,2013 : -  2014 : -  2015 : 50  2016 : 200  
025880, 케이씨피드,2013 : 40  2014 : 25  2015 : 35  2016 : 35  
049830, 승일,2012 : 85  2013 : 85  2014 : 85  2016 : 85  
000320, 노루홀딩스,2013 : 400  2014 : 400  2015 : 400  2016 : 450  
019180, 티에이치엔,2013 : 40  2014 : 20  2015 : 60  2016 : 55  
097230, 한진중공업,2012 : -  2013 : -  2014 : -  2015 : -  
099410, 동방선기,2012 : -  2013 : -  2014 : -  2015 : -  
900300, 오가닉티코스메틱,- : -  2014 : -  2015 : -  2016 : 54  
051910, LG화학,2013 : 4000  2014 : 4000  2015 : 4500  2016 : 5000  
003830, 대한화섬,2011 : 750  2012 : 750  2013 : 750  2014 : -  
084180, 수성,2013 : 70  2014 : 70  2015 : 70  2016 : 70  
222800, 심텍,- : -  - : -  2015 : 260  2016 : 200  
014970, 삼륭물산,2013 : 50  2014 : 50  2015 : 50  2016 : 50  
126560, 현대에이치씨엔,2013 : 40  2014 : 40  2015 : 40  2016 : 40  
010130, 고려아연,2013 : 5000  2014 : 6500  2015 : 8500  2016 : 8500  
036540, STS반도체,2012 : -  2013 : -  2014 : -  2015 : -  
012790, 신일제약,2013 : 90  2014 : 120  2015 : 120  2016 : 140  
035200, 프럼파스트,2013 : -  2014 : 100  2015 : 100  2016 : 75  
037620, 미래에셋증권,2013 : 1000  2013 : 350  2014 : 350  2015 : 350  
010120, LS산전,2013 : 1100  2014 : 1300  2015 : 1000  2016 : 800  
034120, SBS,2012 : 600  2013 : 600  2014 : -  2015 : 750  
009140, 경인전자,2013 : 350  2014 : 350  2015 : 350  2016 : 250  
011210, 현대위아,2013 : 500  2014 : 800  2015 : 1100  2016 : 1100  
033270, 유나이티드제약,2013 : 50  2014 : 200  2015 : 220  2016 : 250  
170030, 현대공업,2013 : 80  2014 : 90  2015 : 66  2016 : 92  
002990, 금호산업,2013 : -  2014 : -  2015 : -  2016 : 300  
241590, 화승엔터프라이즈,- : -  - : -  2015 : -  2016 : 35  
021050, 서원,2013 : -  2014 : -  2015 : -  2016 : 10  
025890, 한국주강,2011 : -  2012 : -  2013 : -  2014 : -  
171120, 라이온켐텍,2013 : 200  2014 : 110  2015 : 200  2016 : 200  
022100, 포스코 ICT,2012 : 25  2013 : 50  2014 : 50  2016 : 50  
101490, 에스앤에스텍,2012 : 50  2013 : -  2014 : -  2015 : -  
026940, 부국철강,2013 : 75  2014 : 75  2015 : 75  2016 : 75  
067010, 이씨에스,2013 : 180  2014 : 200  2015 : 220  2016 : 250  
099440, 스맥,2013 : 40  2014 : 40  2015 : 50  2016 : 50  
088790, 진도,2013 : -  2014 : -  2015 : 150  2016 : 200  
005800, 신영와코루,2013 : 1500  2014 : 1500  2015 : 1500  2016 : 2500  
051900, LG생활건강,2013 : 3750  2014 : 4000  2015 : 5500  2016 : 7500  
004710, 한솔테크닉스,2011 : -  2012 : -  2013 : -  2014 : -  
221980, 케이디켐,2012 : -  2013 : -  2014 : -  2016 : 550  
123040, 엠에스오토텍,2013 : 75  2014 : 75  2015 : 75  2016 : 75  
056360, 코위버,2013 : 100  2014 : 130  2015 : 100  2016 : 70  
033240, 자화전자,2013 : 350  2014 : 400  2015 : 400  2016 : 400  
140410, 메지온,2011 : -  2012 : 25  2013 : -  2014 : -  
001450, 현대해상,2013 : 550  2014 : 750  2015 : 750  2016 : 1350  
004960, 한신공영,2013 : 100  2014 : -  2015 : -  2016 : 250  
025860, 남해화학,2013 : 50  2014 : 60  2015 : 60  2016 : 45  
139670, 넥스트리밍,2011 : 95  2012 : 70  2013 : 70  2014 : 50  
000100, 유한양행,2013 : 1500  2014 : 1750  2015 : 2000  2016 : 2000  
001430, 세아베스틸,2013 : 900  2014 : 1000  2015 : 1000  2016 : 800  
067000, JCE,2012 : 100  2013 : -  2014 : -  2015 : -  
068330, 일신바이오,2011 : 50  2012 : 50  2013 : -  2014 : 5  
003850, 보령제약,2013 : 150  2014 : 200  2015 : 200  2016 : 200  
044380, 주연테크,2012 : -  2013 : -  2014 : -  2015 : -  
004700, 조광피혁,2012 : -  2013 : -  2014 : -  2016 : 100  
003610, 방림,2013 : 250  2014 : 250  2015 : 300  2016 : 380  
043290, 케이맥,2011 : 200  2012 : -  2013 : -  2014 : -  
012330, 현대모비스,2013 : 1950  2014 : 3000  2015 : 3500  2016 : 3500  
035420, NAVER,2013 : 734  2014 : 782  2015 : 1100  2016 : 1131  
033250, 체시스,2012 : 50  2013 : 20  2014 : -  2015 : -  
012320, 경동가스,2013 : 1250  2014 : 1250  2015 : 1250  2016 : 1250  
009160, SIMPAC,2013 : 80  2014 : 80  2015 : 120  2016 : 100  
087220, 스틸플라워,2012 : 50  2013 : -  2014 : -  2015 : -  
016920, 카스,2013 : 50  2014 : 25  2015 : 25  2016 : 25  
001680, 대상,2013 : 150  2014 : 300  2015 : 400  2016 : 400  
073070, 넥센테크,2013 : 35  2014 : 75  2015 : 100  2016 : 125  
069410, 엔텔스,2011 : -  2012 : 150  2013 : 150  2014 : 100  
026960, 동서,2013 : 550  2014 : 600  2015 : 670  2016 : 670  
046310, 백금T&A,2012 : -  2013 : -  2014 : -  2015 : -  
047400, 쌍용머티리얼,2013 : 35  2014 : 35  2015 : 35  2016 : 35  
000590, CS홀딩스,2012 : -  2013 : -  2014 : -  2016 : 500  
023450, 동남합성,2013 : 200  2014 : 200  2015 : 200  2016 : 200  
024740, 한일단조,2013 : -  2014 : 50  2015 : 100  2016 : 50  
003800, 에이스침대,2013 : 2000  2014 : 2500  2015 : 3300  2016 : 3300  
043260, 성호전자,2011 : -  2012 : -  2013 : -  2014 : -  
002710, TCC동양,2011 : 218  2012 : 184  2013 : 110  2014 : 107  
023410, 유진기업,2013 : 50  2014 : 50  2015 : 70  2016 : 150  
099220, SDN,2012 : -  2013 : -  2014 : -  2015 : -  
106520, 디지탈옵틱,2012 : 100  2013 : 150  2014 : -  2015 : -  
001620, 동국실업,2011 : -  2012 : -  2013 : -  2014 : -  
086390, 유니테스트,2013 : -  2014 : 80  2015 : 200  2016 : 150  
078520, 에이블씨엔씨,2013 : 350  2014 : 60  2015 : 350  2016 : 450  
034300, 신세계건설,2013 : -  2014 : -  2015 : 250  2016 : 500  
090410, 덕신하우징,2011 : 75  2012 : 90  2013 : 75  2014 : 120  
093920, 서원인텍,2013 : 400  2014 : 500  2015 : 600  2016 : 660  
012510, 더존비즈온,2013 : 150  2014 : 200  2015 : 220  2016 : 290  
012750, 에스원,2013 : 1100  2014 : 1150  2015 : 1200  2016 : 1250  
008260, NI스틸,2013 : 50  2014 : 50  2015 : 50  2016 : 50  
030190, NICE평가정보,2013 : 90  2014 : 100  2015 : 120  2016 : 130  
021240, 코웨이,2013 : 2710  2014 : 2000  2015 : 2800  2016 : 3200  
000520, 삼일제약,2013 : 150  2014 : 200  2015 : 200  2016 : 150  
104110, 신성이엔지,2012 : -  2013 : -  2014 : -  2015 : -  
002700, 신일산업,2012 : -  2013 : -  2014 : -  2016 : 15  
069640, 엠케이트렌드,2013 : 150  2014 : 150  2015 : 200  2016 : 200  
066130, 하츠,2013 : 30  2014 : 30  2015 : 30  2016 : 50  
098120, 마이크로컨텍솔,2013 : 100  2014 : 160  2015 : 80  2016 : 20  
068790, DMS,2013 : -  2014 : -  2015 : -  2016 : 50  
091970, 나노캠텍,2012 : -  2013 : 50  2014 : 30  2015 : -  
035890, 서희건설,2011 : 10  2012 : -  2013 : -  2014 : -  
034310, NICE,2013 : 110  2014 : 110  2015 : 120  2016 : 130  
185750, 종근당,2013 : 300  2014 : 800  2015 : 600  2016 : 900  
007160, 사조산업,2013 : -  2014 : -  2015 : -  2016 : 150  
008250, 이건산업,2013 : 150  2014 : 150  2015 : 150  2016 : 150  
009580, 무림P&P,2012 : 250  2013 : 250  2014 : 175  2015 : 200  
008490, 서흥,2013 : 200  2014 : 250  2015 : 250  2016 : 330  
053060, 세동,2012 : -  2013 : -  2014 : -  2015 : -  
020120, 다우인큐브,2012 : -  2013 : -  2014 : 30  2015 : 20  
045660, 에이텍,2013 : 100  2014 : 100  2015 : 100  2016 : 100  
004910, 조광페인트,2013 : 200  2014 : 200  2015 : 250  2016 : 400  
103230, 에스앤더블류,2011 : -  2012 : -  2013 : -  2014 : -  
024720, 한국콜마홀딩스,2013 : 65  2014 : 100  2015 : 125  2016 : 155  
019170, 신풍제약,2012 : 80  2013 : 60  2014 : 70  2015 : -  
182690, 테라셈,2012 : -  2013 : -  2014 : 50  2015 : 50  
090430, 아모레퍼시픽,2013 : 6500  2014 : 9000  2015 : 1350  2016 : 1580  
088350, 한화생명,2013 : 150  2013 : 130  2014 : 180  2015 : 180  
058730, 동아에스텍,2013 : 100  2014 : 100  2015 : 150  2016 : 200  
013870, 지엠비코리아,2013 : 170  2014 : 200  2015 : 120  2016 : 150  
183300, 코미코,2013 : -  2014 : 96  2015 : 318  2016 : 462  
011690, 유양디앤유,2012 : -  2013 : -  2014 : -  2015 : -  
053290, 능률교육,2013 : 100  2014 : 50  2015 : 100  2016 : 70  
011200, 현대상선,2012 : -  2013 : -  2014 : -  2015 : -  
014710, 사조씨푸드,2013 : -  2014 : -  2015 : -  2016 : 50  
008040, 동아원,2011 : 20  2012 : 30  2013 : 30  2014 : -  
053050, 지에스이,2013 : 80  2014 : 85  2015 : 100  2016 : 60  
066110, 백산OPC,2012 : -  2013 : -  2014 : -  2015 : -  
192250, 케이사인,2013 : -  2014 : 25  2015 : 30  2016 : 20  
069620, 대웅제약,2013 : 800  2014 : 700  2015 : 700  2016 : 600  
000300, 대유신소재,2011 : 18  2012 : -  2013 : -  2014 : -  
101060, SBS미디어홀딩스,2013 : 25  2014 : 25  2015 : 25  2016 : 25  
025820, 이구산업,2012 : -  2013 : -  2014 : 20  2016 : 50  
020150, 일진머티리얼즈,2013 : -  2014 : -  2015 : -  2016 : 50  
044340, 위닉스,2012 : 50  2013 : 100  2014 : 100  2016 : 50  
002960, 한국쉘석유,2013 : 20000  2014 : 19000  2015 : 20000  2016 : 19000  
066590, 우수AMS,2013 : -  2014 : -  2015 : -  2016 : 30  
026910, 광진실업,2011 : 50  2012 : 25  2013 : 25  2014 : 25  
001630, 종근당홀딩스,2013 : 1700  2014 : 700  2015 : 1200  2016 : 1400  
002720, 국제약품,2013 : 40  2014 : 60  2015 : -  2016 : 60  
033200, 모아텍,2011 : 60  2012 : -  2013 : -  2014 : -  
092600, 넥스트칩,2012 : 80  2013 : -  2014 : -  2015 : 50  
036710, 심텍,2011 : 200  2012 : 200  2013 : -  2014 : -  
010100, 한국프랜지,2012 : -  2013 : 250  2014 : 250  2016 : 250  
140860, 파크시스템스,2013 : -  2014 : -  2015 : 50  2016 : 50  
079650, 서산,2013 : 500  2014 : 500  2015 : 1000  2016 : 1250  
053280, 예스24,2013 : 100  2014 : 100  2015 : 120  2016 : 120  
006090, 사조오양,2013 : -  2014 : -  2015 : -  2016 : 100  
023890, 아트라스BX,2013 : 700  2014 : 700  2015 : 700  2016 : 300  
097520, 엠씨넥스,2012 : 30  2013 : 100  2014 : 300  2015 : 330  
053700, 삼보모터스,2013 : 50  2014 : 50  2015 : 50  2016 : 70  
208350, 지란지교시큐리티,- : -  2014 : -  2015 : -  2016 : 17  
108860, 디오텍,2011 : -  2012 : -  2013 : -  2014 : -  
131400, 액트,2012 : 50  2013 : 50  2014 : -  2015 : -  
095340, ISC,2013 : 305  2014 : 500  2015 : 252  2016 : 195  
012160, 영흥철강,2013 : 50  2014 : 50  2015 : 50  2016 : 30  
014580, 백광소재,2013 : 1000  2014 : 1000  2015 : 100  2016 : 100  
037460, 삼지전자,2012 : 100  2013 : 50  2014 : -  2015 : -  
011070, LG이노텍,2013 : -  2014 : 250  2015 : 350  2016 : 250  
075970, 동국알앤에스,2012 : 80  2013 : 80  2014 : 80  2016 : 80  
189860, 서전기전,2013 : -  2014 : 455  2015 : 75  2016 : 110  
014100, 보령메디앙스,2012 : -  2013 : -  2014 : -  2015 : 10  
088800, 에이스테크,2012 : -  2013 : 50  2014 : 50  2015 : 25  
138040, 메리츠금융지주,2013 : 90  2014 : 85  2015 : 155  2016 : 300  
139130, DGB금융지주,2013 : 280  2014 : 320  2015 : 280  2016 : 300  
003450, 현대증권,2013 : 50  2013 : -  2014 : 50  2015 : 500  
000180, 성창기업지주,2012 : -  2013 : -  2014 : -  2015 : 300  
152330, 코리아오토글라스,2013 : 1000  2014 : 500  2015 : 350  2016 : 400  
004780, 대륙제관,2013 : 50  2014 : 60  2015 : 90  2016 : 120  
115160, 휴맥스,2013 : 150  2014 : 150  2015 : 150  2016 : 150  
001270, 부국증권,2014 : 350  2014 : 1000  2015 : 1200  2016 : 1200  
003690, 코리안리,2013 : 185  2014 : 225  2015 : 350  2016 : 325  
025000, KPX케미칼,2013 : 1500  2014 : 1750  2015 : 1750  2016 : 2000  
117580, 대성에너지,2013 : 250  2014 : 250  2015 : 250  2016 : 250  
002360, SH에너지화학,2012 : -  2013 : 15  2014 : 45  2015 : 44  
052600, 한네트,2013 : 110  2014 : 120  2015 : 120  2016 : 120  
072470, 우리산업홀딩스,2013 : 30  2014 : 30  2015 : 50  2016 : 50  
094480, 갤럭시아컴즈,2012 : -  2013 : -  2014 : -  2016 : 25  
005610, 삼립식품,2012 : 375  2013 : 663  2014 : 762  2015 : 869  
095570, AJ네트웍스,2013 : -  2014 : -  2015 : -  2016 : 60  
014570, 고려제약,2013 : 60  2014 : 70  2015 : 70  2016 : 100  
037230, 한국팩키지,2013 : -  2014 : 15  2015 : 20  2016 : 30  
064820, 소셜미디어99,2011 : 99  2012 : -  2013 : -  2014 : -  
200880, 서연이화,- : -  2014 : 150  2015 : 150  2016 : 150  
084690, 대상홀딩스,2013 : 120  2014 : 170  2015 : 170  2016 : 170  
005860, 한일사료,2012 : 25  2013 : 25  2014 : 25  2015 : 25  
002350, 넥센타이어,2013 : 65  2014 : 75  2015 : 80  2016 : 100  
005620, 대성합동지주,2011 : 1000  2012 : 1000  2013 : -  2014 : -  
003200, 일신방직,2013 : 2000  2014 : 1750  2015 : 2500  2016 : 2800  
115390, 락앤락,2013 : 100  2014 : 150  2015 : 200  2016 : 500  
003680, 한성기업,2011 : 250  2012 : -  2013 : -  2014 : -  
105330, 케이엔더블유,2011 : 100  2012 : -  2013 : -  2014 : 100  
051500, CJ프레시웨이,2013 : -  2014 : 200  2015 : 200  2016 : 200  
097780, 에스맥,2012 : 75  2013 : 75  2014 : -  2015 : -  
096690, 세우테크,2012 : 50  2013 : 50  2014 : 50  2015 : -  
011090, 에넥스,2013 : -  2014 : 20  2015 : 30  2016 : 20  
045060, 오공,2013 : 50  2014 : 50  2015 : 50  2016 : 60  
013030, 하이록코리아,2013 : 350  2014 : 400  2015 : 400  2016 : 400  
037440, 희림,2013 : 50  2014 : -  2015 : 100  2016 : 100  
050890, 쏠리드,2012 : 70  2013 : 100  2014 : 110  2015 : 50  
087730, 네패스신소재,2012 : 100  2013 : 100  2014 : 150  2015 : 100  
085310, 엔케이,2011 : 50  2012 : 50  2013 : -  2014 : 50  
057050, 현대홈쇼핑,2013 : 1100  2014 : 1300  2015 : 1500  2016 : 1500  
041930, 동아화성,2013 : 80  2014 : 80  2015 : 60  2016 : 100  
119500, 포메탈,2013 : 40  2014 : 30  2015 : 30  2016 : 40  
003230, 삼양식품,2013 : 100  2014 : 100  2015 : 50  2016 : 150  
006740, 영풍제지,2013 : 2000  2014 : 2000  2015 : 40  2016 : 45  
094280, 효성ITX,2013 : 50  2014 : 75  2015 : 100  2016 : 200  
049430, 코메론,2013 : 50  2014 : 150  2015 : 120  2016 : 160  
001290, 골든브릿지증권,2012 : -  2013 : -  2013 : -  2014 : -  
002380, KCC,2013 : 8000  2014 : 9000  2015 : 9000  2016 : 9000  
130580, 나이스디앤비,2013 : 59  2014 : 71  2015 : 84  2016 : 84  
093190, 빅솔론,2013 : 200  2014 : 200  2015 : 400  2016 : 300  
122900, 아이마켓코리아,2013 : 250  2014 : 500  2015 : 500  2016 : 450  
006980, 우성사료,2013 : 50  2014 : 50  2015 : 25  2016 : 25  
003470, 동양증권,2012 : -  2013 : 50  2013 : -  2014 : -  
004560, 현대비앤지스틸,2012 : -  2013 : -  2014 : 100  2016 : 100  
002140, 고려산업,2013 : 25  2014 : 45  2015 : 30  2016 : 30  
069260, 휴켐스,2013 : 750  2014 : 550  2015 : 500  2016 : 500  
007810, 코리아써키트,2013 : 100  2014 : 100  2015 : 100  2016 : 100  
011080, 형지I&C,2012 : -  2013 : -  2014 : 15  2015 : 15  
067080, 대화제약,2013 : 100  2014 : 100  2015 : 100  2016 : 100  
076610, 해성옵틱스,2012 : -  2013 : -  2014 : -  2015 : 100  
064800, 필링크,2012 : 30  2013 : 30  2014 : 50  2015 : -  
138070, 신진에스엠,2012 : 190  2013 : 100  2014 : 110  2015 : 100  
006730, 서부T&D,2013 : 50  2014 : 50  2015 : -  2016 : 100  
007820, 에스엠코어,2013 : 60  2014 : 70  2015 : 100  2016 : 50  
003220, 대원제약,2013 : 75  2014 : 150  2015 : 200  2016 : 260  
056190, 에스에프에이,2013 : 1015  2014 : 652  2015 : 402  2016 : 1120  
027410, BGF리테일,2013 : 400  2014 : 600  2015 : 1200  2016 : 800  
121800, 티브이로직,2012 : 100  2013 : -  2014 : -  2015 : -  
062860, 티엘아이,2013 : -  2014 : 100  2015 : 100  2016 : 100  
001040, CJ,2013 : 950  2014 : 950  2015 : 1350  2016 : 1350  
003460, 유화증권,2014 : 600  2014 : 450  2015 : 700  2016 : 850  
073110, 엘엠에스,2013 : 50  2014 : 50  2015 : 105  2016 : 150  
005820, 원림,2013 : 500  2014 : 350  2015 : 250  2016 : 500  
072020, 중앙백신,2013 : 50  2014 : 50  2015 : 50  2016 : 50  
002310, 아세아제지,2012 : 600  2013 : 400  2014 : 450  2016 : 500  
036570, 엔씨소프트,2013 : 600  2014 : 3430  2015 : 2747  2016 : 3820  
106240, 파인테크닉스,2013 : -  2014 : -  2015 : 25  2016 : 25  
035000, 지투알,2013 : 200  2014 : 200  2015 : 200  2016 : 250  
200670, 휴메딕스,2013 : -  2014 : -  2015 : 300  2016 : 510  
059210, 메타바이오메드,2013 : 15  2014 : 10  2015 : 10  2016 : 10  
223310, 이에스브이,- : -  2013 : -  2014 : -  2015 : 100  
016710, 대성홀딩스,2013 : 250  2014 : 250  2015 : 250  2016 : 250  
017800, 현대엘리베이,2012 : -  2013 : -  2014 : -  2016 : 500  
057030, 와이비엠넷,2013 : 210  2014 : 210  2015 : 210  2016 : 150  
041910, 에스텍파마,2013 : 50  2014 : 50  2015 : 50  2016 : 50  
001470, 삼부토건,2012 : -  2013 : -  2014 : -  2015 : -  
021080, 에이티넘인베스트,2013 : 25  2014 : 25  2015 : 70  2016 : 35  
001230, 동국제강,2013 : 150  2014 : -  2015 : -  2016 : 150  
178920, SKC코오롱PI,2013 : 6600  2014 : -  2015 : 110  2016 : 450  
003650, 미창석유,2013 : 1900  2014 : 1800  2015 : 2100  2016 : 2200  
002320, 한진,2013 : 250  2014 : 400  2015 : 400  2016 : 400  
000140, 하이트진로홀딩스,2013 : 350  2014 : 450  2015 : 200  2016 : 200  
024110, 기업은행,2013 : 330  2014 : 430  2015 : 450  2016 : 480  
111820, 처음앤씨,2012 : 210  2013 : 260  2014 : 200  2015 : -  
001210, 금호전기,2011 : 450  2012 : 100  2013 : 100  2014 : -  
046140, SBS콘텐츠허브,2013 : 250  2014 : 250  2015 : 150  2016 : 100  
002300, 한국제지,2013 : 450  2014 : 350  2015 : 450  2016 : 600  
005810, 풍산홀딩스,2013 : 1000  2014 : 1200  2015 : 1200  2016 : 1400  
161000, 애경유화,2013 : 1500  2014 : 1900  2015 : 1900  2016 : 300  
015860, 일진홀딩스,2013 : 50  2014 : 70  2015 : 70  2016 : 30  
108670, LG하우시스,2013 : 1800  2014 : 1800  2015 : 1800  2016 : 1800  
036580, 팜스코,2013 : -  2014 : -  2015 : -  2016 : 100  
035250, 강원랜드,2013 : 730  2014 : 850  2015 : 980  2016 : 990  
014530, 극동유화,2013 : 800  2014 : 700  2015 : 1000  2016 : 115  
050860, 아세아텍,2013 : 50  2014 : 50  2015 : 50  2016 : 75  
039610, 화성,2013 : -  2014 : -  2015 : -  2016 : 400  
138250, 엔에스쇼핑,2012 : -  2013 : 13980  2014 : 1000  2016 : 2000  
138490, 코오롱플라스틱,2013 : -  2014 : 50  2015 : 75  2016 : 100  
084010, 대한제강,2013 : 100  2014 : 100  2015 : 250  2016 : 330  
086670, 비엠티,2013 : 100  2014 : 100  2015 : 100  2016 : 100  
009180, 한솔로지스틱스,2013 : 20  2014 : 20  2015 : 20  2016 : 20  
002790, 아모레G,2013 : 2500  2014 : 3250  2015 : 390  2016 : 460  
001460, BYC,2013 : 750  2014 : 800  2015 : 850  2016 : 800  
002550, KB손해보험,2013 : 500  2014 : 500  2015 : 400  2016 : 600  
004970, 신라교역,2013 : 250  2014 : 300  2015 : 200  2016 : 250  
024120, KB오토시스,2013 : 125  2014 : 180  2015 : 200  2016 : 300  
213500, 한솔제지,- : -  - : -  2015 : 500  2016 : 700  
100700, 세운메디칼,2013 : 20  2014 : 25  2015 : 25  2016 : 35  
000370, 한화손해보험,2013 : -  2014 : -  2015 : 70  2016 : 100  
046110, 한일네트웍스,2011 : -  2012 : -  2013 : -  2014 : -  
047440, 레이젠,2012 : -  2013 : -  2014 : -  2015 : -  
067290, JW신약,2013 : 25  2014 : 30  2015 : 50  2016 : 60  
048770, TPC,2013 : 25  2014 : 25  2015 : 25  2016 : 25  
027830, 대성창투,2013 : -  2014 : 30  2015 : 30  2016 : 30  
016740, 두올,2013 : -  2014 : -  2015 : -  2016 : 115  
077970, STX엔진,2011 : 250  2012 : -  2013 : -  2014 : -  
104040, 대성파인텍,2012 : 110  2013 : 110  2014 : 110  2015 : 120  
015890, 태경산업,2013 : 150  2014 : 150  2015 : 180  2016 : 200  
121850, 코이즈,2013 : -  2014 : -  2015 : -  2016 : 55  
032190, 다우데이타,2012 : 50  2013 : 70  2014 : 110  2015 : 100  
001250, GS글로벌,2012 : 125  2013 : 125  2014 : 125  2015 : -  
003670, 포스코켐텍,2013 : 1500  2014 : 1750  2015 : 200  2016 : 300  
005850, 에스엘,2013 : 150  2014 : 200  2015 : 260  2016 : 260  
114090, GKL,2013 : 1179  2014 : 1002  2015 : 831  2016 : 1000  
002100, 경농,2013 : 200  2014 : 200  2015 : 240  2016 : 265  
023000, 삼원강재,2013 : 120  2014 : 120  2015 : 125  2016 : 125  
067280, 멀티캠퍼스,2013 : 200  2014 : 250  2015 : 250  2016 : 250  
046120, 케이엔디티,2012 : 100  2013 : -  2014 : -  2015 : -  
003410, 쌍용양회,2013 : -  2014 : -  2015 : -  2016 : 160  
096240, 청담러닝,2013 : 500  2014 : 800  2015 : 800  2016 : 800  
109740, 디에스케이,2013 : 50  2014 : 50  2015 : 100  2016 : 50  
005830, 동부화재,2013 : 1000  2014 : 1450  2015 : 1550  2016 : 1650  
098660, 에스티오,2013 : 30  2014 : 20  2015 : 50  2016 : 25  
069460, 대호에이엘,2011 : -  2012 : -  2013 : -  2014 : -  
011280, 태림포장,2013 : 25  2014 : 30  2015 : 8  2016 : 8  
014790, 한라건설,2012 : 150  2013 : -  2014 : -  2015 : -  
085370, 루트로닉,2013 : -  2014 : 25  2015 : 50  2016 : 75  
036560, 영풍정밀,2013 : 80  2014 : 100  2015 : 180  2016 : 180  
077500, 유니퀘스트,2013 : -  2014 : 750  2015 : 200  2016 : 80  
039830, 오로라,2013 : 100  2014 : 100  2015 : 100  2016 : 100  
011040, 경동제약,2013 : 600  2014 : 600  2015 : 600  2016 : 700  
037400, 우리조명,2011 : 50  2012 : 30  2013 : 25  2014 : 25  
121600, 나노신소재,2013 : -  2014 : 150  2015 : 150  2016 : 100  
033050, 제이엠아이,2011 : -  2012 : -  2013 : -  2014 : 20  
017810, 풀무원,2013 : 1020  2014 : 1020  2015 : 1020  2016 : 1020  
086450, 동국제약,2013 : 280  2014 : 300  2015 : 300  2016 : 400  
000390, 삼화페인트,2013 : 300  2014 : 400  2015 : 500  2016 : 300  
004990, 롯데제과,2013 : 4000  2014 : 5200  2015 : 11270  2016 : 1130  
000150, 두산,2013 : 3500  2014 : 4000  2015 : 4550  2016 : 5100  
214870, 에치디프로,2012 : -  2013 : -  2014 : -  2015 : 50  
113810, 디젠스,2012 : 75  2013 : -  2014 : -  2015 : 25  
093320, 케이아이엔엑스,2013 : 80  2014 : 80  2015 : 100  2016 : 120  
038390, 레드캡투어,2013 : 600  2014 : 600  2015 : 600  2016 : 600  
092230, KPX홀딩스,2013 : 2050  2014 : 2100  2015 : 2100  2016 : 2100  
111870, 삼본정밀전자,2013 : 250  2014 : 300  2015 : 500  2016 : 400  
031510, 오스템,2013 : 60  2014 : 40  2015 : 60  2016 : 50  
039240, 경남스틸,2013 : 250  2014 : 300  2015 : 300  2016 : 150  
051360, 토비스,2013 : 100  2014 : 160  2015 : 200  2016 : 160  
052690, 한전기술,2013 : 406  2014 : 575  2015 : 200  2016 : 110  
016360, 삼성증권,2013 : 100  2014 : 650  2015 : 1000  2016 : 650  
095500, 미래나노텍,2011 : 60  2012 : 110  2013 : -  2014 : -  
053300, 한국정보인증,2013 : 30  2014 : 30  2015 : 35  2016 : 50  
004380, 삼익THK,2013 : 300  2014 : 300  2015 : 300  2016 : 330  
082660, 크루셜엠스,2012 : -  2013 : -  2014 : -  2015 : -  
225530, 보광산업,2013 : -  2014 : -  2015 : -  2016 : 300  
008500, 일정실업,2013 : 1250  2014 : 1250  2015 : 1250  2016 : 1250  
044820, 코스맥스비티아이,2013 : 330  2014 : 240  2015 : 130  2016 : 200  
009830, 한화케미칼,2013 : 150  2014 : 150  2015 : 150  2016 : 350  
080000, 에스엔유,2012 : -  2013 : -  2014 : -  2015 : -  
004140, 동방,2012 : 30  2013 : 10  2014 : 10  2015 : 10  
072870, 메가스터디,2013 : 2000  2014 : 2200  2015 : 600  2016 : 700  
178320, 서진시스템,2013 : -  2014 : -  2015 : -  2016 : 370  
016590, 신대양제지,2011 : 500  2012 : 500  2013 : 375  2014 : 375  
021960, KB캐피탈,2013 : 640  2014 : 450  2015 : 500  2016 : 500  
037070, 파세코,2013 : 150  2014 : 150  2015 : 170  2016 : 230  
039490, 키움증권,2013 : 350  2014 : 450  2015 : 700  2016 : 850  
092460, 한라IMS,2013 : -  2014 : 50  2015 : 100  2016 : 60  
039010, 현대통신,2013 : -  2014 : 70  2015 : 100  2016 : 130  
023900, 풍국주정,2013 : 250  2014 : 250  2015 : 300  2016 : 260  
108230, 톱텍,2012 : 5  2013 : 150  2014 : 100  2015 : 150  
032850, 비트컴퓨터,2013 : -  2014 : -  2015 : -  2016 : 73  
143240, 사람인에이치알,2013 : 100  2014 : 80  2015 : 90  2016 : 120  
081580, 성우전자,2013 : 70  2014 : 100  2015 : 120  2016 : 100  
192400, 쿠쿠전자,2013 : 12000  2014 : 1500  2015 : 2100  2016 : 3100  
080010, 이상네트웍스,2012 : 30  2013 : 30  2014 : 40  2016 : 50  
003280, 흥아해운,2013 : 9  2014 : 9  2015 : 7  2016 : 5  
123840, 한일진공,2012 : -  2013 : 20  2014 : -  2015 : 100  
147830, 제룡산업,2013 : 50  2014 : 50  2015 : 70  2016 : 75  
063570, 한국전자금융,2012 : 40  2013 : 50  2014 : 55  2015 : 70  
008730, 율촌화학,2013 : 500  2014 : 500  2015 : 500  2016 : 500  
004370, 농심,2013 : 4000  2014 : 4000  2015 : 4000  2016 : 4000  
065510, 휴비츠,2013 : 50  2014 : 100  2015 : 100  2016 : 100  
004130, 대덕GDS,2013 : 300  2014 : 300  2015 : 300  2016 : 300  
016380, 동부제철,2012 : -  2013 : -  2014 : -  2015 : -  
036190, 금화피에스시,2013 : 900  2014 : 900  2015 : 900  2016 : 900  
052670, 제일바이오,2011 : -  2012 : 30  2013 : -  2014 : -  
122990, 와이솔,2013 : 25  2014 : 125  2015 : 225  2016 : 275  
141070, 맥스로텍,2012 : 60  2013 : -  2014 : 30  2015 : -  
096610, 알에프세미,2013 : 55  2014 : 25  2015 : 41  2016 : 35  
107590, 미원에스씨,2013 : -  2014 : 2500  2015 : 2500  2016 : 5500  
900090, 차이나하오란,2012 : 10  2013 : -  2014 : -  2015 : -  
006580, 대양제지,2011 : 500  2012 : 500  2013 : 375  2014 : 250  
003070, 코오롱글로벌,2013 : -  2014 : -  2015 : -  2016 : 150  
005490, POSCO,2013 : 8000  2014 : 8000  2015 : 8000  2016 : 8000  
189690, 포시에스,2013 : 35  2014 : 35  2015 : 125  2016 : 125  
187270, 신화콘텍,2012 : -  2013 : -  2014 : 50  2015 : -  
134780, 화진,2013 : 150  2014 : 150  2015 : 175  2016 : 175  
026150, 특수건설,2011 : 100  2012 : 50  2013 : -  2014 : -  
065500, 오리엔트정공,2012 : -  2013 : -  2014 : -  2015 : -  
067920, 이글루시큐리티,2013 : 50  2014 : 30  2015 : 30  2016 : 50  
131030, 디에이치피코리아,2013 : -  2014 : 100  2015 : 100  2016 : 100  
005250, 녹십자홀딩스,2013 : 250  2014 : 300  2015 : 300  2016 : 300  
005010, 휴스틸,2013 : 700  2014 : 700  2015 : 400  2016 : 500  
006340, 대원전선,2011 : -  2012 : -  2013 : -  2014 : -  
214420, 토니모리,2013 : 10000  2014 : 5000  2015 : 300  2016 : 230  
180640, 한진칼,- : -  2013 : -  2014 : 75  2015 : 75  
071320, 지역난방공사,2013 : 2990  2014 : 2110  2015 : 3620  2016 : 2800  
014190, 후너스,2011 : 10  2012 : -  2013 : -  2014 : -  
033920, 무학,2013 : 4  2014 : 4  2015 : 253  2016 : 350  
032830, 삼성생명,2013 : 850  2014 : 1800  2015 : 1800  2016 : 1200  
121890, 에스디시스템,2012 : -  2013 : -  2014 : 100  2015 : 100  
031980, 피에스케이,2013 : 100  2014 : 200  2015 : 200  2016 : 250  
018310, 삼목에스폼,2013 : 50  2014 : 100  2015 : 100  2016 : 100  
900080, 에스앤씨엔진그룹,2013 : -  2014 : -  2015 : -  2016 : 100  
084870, 베이직하우스,2011 : -  2012 : -  2013 : 50  2014 : -  
010820, 퍼스텍,2011 : -  2012 : 30  2013 : 25  2014 : 25  
028100, 동아지질,2013 : 175  2014 : 175  2015 : 175  2016 : 200  
134790, 팀스,2011 : 200  2012 : 200  2013 : -  2014 : -  
004150, 한솔제지,2012 : 300  2013 : 300  2014 : -  2015 : -  
006570, 대림통상,2013 : 150  2014 : 150  2015 : 150  2016 : 150  
007660, 이수페타시스,2013 : 100  2014 : 80  2015 : 90  2016 : 100  
155650, 와이엠씨,2013 : -  2014 : -  2015 : -  2016 : 200  
214430, 아이쓰리시스템,2013 : -  2014 : -  2015 : 400  2016 : 450  
035080, 인터파크홀딩스,2013 : 30  2014 : 30  2015 : 30  2016 : 50  
015230, 대창단조,2013 : 1000  2014 : 2000  2015 : 1300  2016 : 1300  
038110, 에코플라스틱,2013 : 50  2014 : 50  2015 : 50  2016 : 20  
039440, 에스티아이,2013 : -  2014 : 70  2015 : 100  2016 : 150  
018500, 동원금속,2013 : 50  2014 : 50  2015 : 100  2016 : 100  
017890, 한국알콜,2013 : -  2014 : 50  2015 : 50  2016 : 50  
900070, 글로벌에스엠,2012 : 250  2013 : -  2014 : -  2015 : 750  
017650, 대림제지,2012 : 50  2013 : -  2014 : 50  2015 : -  
083550, 케이엠,2013 : 50  2014 : 70  2015 : 100  2016 : 35  
225330, 씨엠에스에듀,2013 : 2585  2014 : 2475  2015 : 2890  2016 : 1200  
144510, 녹십자랩셀,- : -  2014 : 50  2015 : -  2016 : 75  
083310, 엘오티베큠,2013 : 10  2014 : 15  2015 : 25  2016 : 25  
067900, 와이엔텍,2012 : -  2013 : -  2014 : -  2015 : 10  
141000, 비아트론,2013 : -  2014 : -  2015 : 100  2016 : 100  
124500, 아이티센,2013 : 190  2014 : 16  2015 : 47  2015 : -  
138080, 오이솔루션,2013 : 150  2014 : 200  2015 : 100  2016 : 125  
042600, 새로닉스,2013 : -  2014 : 40  2015 : 40  2016 : 40  
123410, 코리아에프티,2013 : 120  2014 : 130  2015 : 110  2016 : 110  
007610, 선도전기,2013 : 10  2014 : 10  2015 : 20  2016 : 20  
004100, 태양금속,2013 : 150  2014 : 150  2015 : 15  2016 : 20  
008700, 아남전자,2011 : -  2012 : -  2013 : -  2014 : -  
003010, 혜인,2013 : 50  2014 : 50  2015 : 30  2016 : 40  
005430, 한국공항,2013 : 500  2014 : 500  2015 : 500  2016 : 500  
102710, 이엔에프테크놀로지,2013 : 50  2014 : 50  2015 : 50  2016 : 50  
003490, 대한항공,2012 : -  2013 : -  2014 : -  2015 : -  
040420, 정상제이엘에스,2013 : 420  2014 : 420  2015 : 420  2016 : 430  
155660, DSR,2013 : 30  2014 : 30  2015 : 50  2016 : 50  
005670, 푸드웰,2013 : 75  2014 : 75  2015 : 75  2016 : 75  
090080, 평화산업,2013 : 50  2014 : -  2015 : 50  2016 : 50  
097950, CJ제일제당,2013 : 1800  2014 : 2000  2015 : 2500  2016 : 2500  
037270, 휘닉스컴,2012 : -  2013 : -  2014 : -  2015 : -  
014130, 한익스프레스,2013 : -  2014 : 500  2015 : 700  2016 : 700  
123890, 한국자산신탁,2013 : -  2014 : -  2015 : 3500  2016 : 250  
052400, 코나아이,2012 : 200  2013 : 200  2014 : 250  2015 : 325  
049480, 오픈베이스,2013 : 25  2014 : 25  2015 : 25  2016 : 25  
003000, 부광약품,2013 : 525  2014 : 550  2015 : 750  2016 : 600  
008930, 한미사이언스,2012 : -  2013 : -  2014 : -  2015 : 500  
041520, 이라이콤,2013 : 200  2014 : 500  2015 : 700  2016 : 770  
002390, 한독,2013 : 200  2014 : 150  2015 : 100  2016 : 125  
065710, 서호전기,2013 : 100  2014 : 300  2015 : 500  2016 : 700  
003480, 한진중공업홀딩스,2011 : 250  2012 : 250  2013 : 250  2014 : 200  
001060, JW중외제약,2012 : 125  2013 : 125  2014 : 125  2015 : 150  
002150, 도화엔지니어링,2013 : 100  2014 : 100  2015 : 150  2016 : 170  
003240, 태광산업,2012 : 1750  2013 : 1750  2014 : 1250  2015 : 1750  
131220, 대한과학,2013 : -  2014 : 35  2015 : 25  2016 : 40  
047040, 대우건설,2011 : -  2012 : -  2013 : -  2014 : -  
214450, 파마리서치프로덕트,2012 : -  2013 : -  2014 : -  2015 : 200  
016580, 환인제약,2013 : 250  2014 : 250  2015 : 250  2016 : 250  
039420, 케이엘넷,2013 : 25  2014 : -  2015 : 15  2016 : 20  
017670, SK텔레콤,2013 : 9400  2014 : 9400  2015 : 10000  2016 : 10000  
900050, 중국원양자원,2012 : -  2013 : -  2014 : -  2015 : -  
081150, 티플랙스,2013 : -  2014 : 20  2015 : 25  2016 : 20  
110570, 넥솔론,2012 : -  2013 : -  2014 : -  2015 : -  
060250, NHN한국사이버결제,2013 : 75  2014 : 35  2015 : 120  2016 : 35  
065940, 케이에스씨비,2012 : -  2013 : -  2014 : -  2015 : -  
004360, 세방,2013 : 150  2014 : 150  2015 : 175  2016 : 175  
003030, 세아제강,2012 : 1500  2013 : 1500  2014 : 1500  2015 : 1750  
096640, 멜파스,2012 : 100  2013 : -  2014 : -  2015 : -  
092040, 아미코젠,2012 : -  2013 : -  2014 : 120  2015 : 100  
054800, 아이디스홀딩스,2013 : 50  2014 : 100  2015 : 150  2016 : 150  
073540, 에프알텍,2011 : -  2012 : 125  2013 : 100  2014 : -  
030610, 교보증권,2013 : -  2014 : 100  2015 : 150  2016 : 170  
047050, 포스코대우,2013 : 300  2014 : 500  2015 : 500  2016 : 500  
900040, 차이나그레이트,2013 : -  2014 : -  2015 : -  2016 : 10  
052860, 아이앤씨,2011 : 200  2012 : -  2013 : -  2014 : -  
001080, 만호제강,2013 : 150  2014 : 150  2015 : 150  2016 : 150  
192820, 코스맥스,- : -  2014 : 500  2015 : 700  2016 : 1000  
121440, 골프존유원홀딩스,2013 : 400  2014 : 500  2015 : 580  2016 : 117  
120110, 코오롱인더,2013 : 600  2014 : 500  2015 : 500  2016 : 1100  
084670, 동양고속,2013 : 1000  2014 : 1250  2015 : 1750  2016 : 400  
228850, 레이언스,2013 : -  2014 : -  2015 : -  2016 : 300  
123860, 아나패스,2013 : 200  2014 : 350  2015 : 200  2016 : 200  
060480, 국일신동,2013 : -  2014 : 25  2015 : 50  2016 : 50  
102940, 코오롱생명과학,2013 : 120  2014 : 200  2015 : 100  2016 : 200  
002170, 삼양통상,2013 : 750  2014 : 750  2015 : 825  2016 : 750  
005680, 삼영전자,2013 : 200  2014 : 200  2015 : 200  2016 : 200  
007860, 서연,2012 : 150  2013 : 150  2014 : 150  2015 : 150  
004590, 한국가구,2013 : 200  2014 : 750  2015 : 850  2016 : 950  
005440, 현대그린푸드,2013 : 50  2014 : 60  2015 : 60  2016 : 60  
001940, KISCO홀딩스,2013 : 900  2014 : 900  2015 : 900  2016 : 900  
000850, 화천기공,2013 : 1500  2014 : 1500  2015 : 1500  2016 : 1250  
065130, 탑엔지니어링,2013 : -  2014 : -  2015 : -  2016 : 100  
100220, 비상교육,2013 : 130  2014 : 130  2015 : 200  2016 : 330  
123100, 테라세미콘,2013 : -  2014 : -  2015 : -  2016 : 150  
234080, JW생명과학,2013 : 93  2014 : 771  2015 : 808  2016 : 600  
070960, 용평리조트,2013 : -  2014 : -  2015 : -  2016 : 100  
900270, 헝셩그룹,- : -  2014 : -  2015 : -  2016 : 55  
033530, 세종공업,2013 : 200  2014 : 150  2015 : 250  2016 : 200  
057500, SKC 솔믹스,2012 : -  2013 : -  2014 : -  2015 : -  
033780, KT&G,2013 : 3200  2014 : 3400  2015 : 3400  2016 : 3600  
030270, 가희,2012 : -  2013 : -  2014 : -  2015 : -  
075180, 새론오토모티브,2013 : 200  2014 : 200  2015 : 200  2016 : 190  
036800, 나이스정보통신,2013 : 230  2014 : 240  2015 : 300  2016 : 350  
126600, 코프라,2013 : 100  2014 : 150  2015 : 150  2016 : 150  
114630, 우노앤컴퍼니,2013 : 50  2014 : 100  2015 : 100  2016 : 150  
011500, 한농화성,2012 : 90  2013 : 80  2014 : 90  2015 : 100  
069960, 현대백화점,2013 : 650  2014 : 700  2015 : 700  2016 : 700  
045510, 정원엔시스,2012 : -  2013 : -  2014 : -  2015 : -  
080520, 오디텍,2013 : 100  2014 : 100  2015 : 100  2016 : 130  
024830, 세원물산,2013 : 75  2014 : 75  2015 : 75  2016 : 75  
021320, KCC건설,2012 : 500  2013 : -  2014 : 250  2016 : 100  
089590, 제주항공,2013 : -  2014 : -  2015 : 400  2016 : 500  
123330, 제닉,2013 : 47  2014 : 26  2015 : 24  2016 : 26  
123570, 이엠넷,2013 : 50  2014 : 40  2015 : 50  2016 : 20  
900260, 로스웰,- : -  2014 : -  2015 : -  2016 : 52  
055550, 신한지주,2013 : 650  2014 : 950  2015 : 1200  2016 : 1450  
149980, 하이로닉,2013 : 25  2014 : -  2015 : 70  2016 : 10  
033540, 파라텍,2013 : 40  2014 : 50  2015 : 54  2016 : 53  
010640, 진양폴리,2011 : 150  2012 : 175  2013 : 125  2014 : 125  
006390, 현대시멘트,2012 : -  2013 : -  2014 : -  2015 : -  
035720, 카카오,2013 : 1133  2014 : 173  2015 : 167  2016 : 148  
079550, LIG넥스원,2013 : 670  2014 : 630  2015 : 940  2016 : 940  
036810, 에프에스티,2013 : -  2014 : 80  2015 : 80  2016 : 80  
045520, 크린앤사이언스,2011 : -  2012 : -  2013 : -  2014 : -  
195870, 해성디에스,- : -  2014 : -  2015 : -  2016 : 250  
080530, 코디에스,2012 : -  2013 : -  2014 : -  2015 : -  
170790, 파이오링크,2012 : -  2013 : 80  2014 : 60  2015 : -  
001720, 신영증권,2013 : 2000  2014 : 2000  2015 : 2000  2016 : 2200  
002810, 삼영무역,2013 : 125  2014 : 200  2015 : 275  2016 : 275  
019010, 그랜드백화점,2013 : -  2014 : 300  2015 : 300  2016 : 300  
067770, 세진티에스,2011 : 50  2012 : -  2013 : -  2014 : -  
063170, 서울옥션,2013 : 60  2014 : 80  2015 : 100  2016 : 100  
065350, 신성델타테크,2013 : 50  2014 : 50  2015 : 60  2016 : 50  
090350, 노루페인트,2012 : 200  2013 : 200  2014 : 200  2015 : 200  
064260, 다날,2013 : -  2014 : -  2015 : -  2016 : 35  
024800, 유성티엔에스,2013 : 10  2014 : 10  2015 : 10  2016 : 10  
054210, 이랜텍,2013 : 75  2014 : 50  2015 : 75  2016 : 80  
900250, 크리스탈신소재,2013 : -  2014 : -  2015 : -  2016 : 71  
054450, 텔레칩스,2013 : -  2014 : 70  2015 : 80  2016 : 130  
031330, 에스에이엠티,2013 : -  2014 : -  2015 : -  2016 : 100  
030000, 제일기획,2013 : -  2014 : -  2015 : 300  2016 : 300  
009450, 경동나비엔,2013 : 100  2014 : 100  2015 : 100  2016 : 150  
011760, 현대상사,2012 : 500  2013 : 500  2014 : 500  2015 : 750  
013700, 까뮤이앤씨,2013 : -  2014 : 150  2015 : 150  2016 : 150  
012610, 경인양행,2013 : 50  2014 : 50  2015 : 50  2016 : 50  
005090, 삼광글라스,2013 : 750  2014 : 750  2015 : 750  2016 : 750  
000860, 강남제비스코,2013 : 450  2014 : 500  2015 : 500  2016 : 500  
002800, 신신제약,2013 : 500  2014 : 500  2015 : 1000  2016 : 34  
023960, 에쓰씨엔지니어링,2011 : 100  2012 : 50  2013 : 50  2014 : -  
025900, 동화기업,2013 : -  2014 : -  2015 : -  2016 : 300  
066670, 디스플레이텍,2013 : 100  2014 : 150  2015 : 100  2016 : 50  
063160, 종근당바이오,2013 : 100  2014 : 100  2015 : 350  2016 : 400  
206640, 바디텍메드,2013 : -  2014 : -  2015 : -  2016 : 100  
053350, 이니텍,2011 : -  2012 : -  2013 : 50  2014 : -  
071840, 롯데하이마트,2013 : 250  2014 : 330  2015 : 430  2016 : 500  
094940, 푸른기술,2012 : 150  2013 : 150  2014 : -  2015 : -  
010660, 화천기계,2012 : 1000  2013 : 1000  2014 : 900  2015 : 350  
009440, KC그린홀딩스,2013 : 100  2014 : 50  2015 : 80  2016 : 100  
008350, 남선알미늄,2012 : -  2013 : -  2014 : -  2016 : 100  
010420, 한솔PNS,2013 : 15  2014 : 15  2015 : 15  2016 : 15  
009680, 모토닉,2013 : 250  2014 : 250  2015 : 280  2016 : 250  
052270, 우전앤한단,2011 : 200  2012 : 150  2013 : 100  2014 : -  
078000, 텔코웨어,2013 : 650  2014 : 600  2015 : 660  2016 : 500  
012600, 청호컴넷,2012 : -  2013 : -  2014 : -  2015 : -  
101530, 해태제과식품,2013 : -  2014 : -  2015 : -  2016 : 150  
064240, 홈캐스트,2012 : 50  2013 : -  2014 : -  2015 : -  
009200, 무림페이퍼,2011 : 200  2012 : -  2013 : 25  2014 : -  
008110, 대동전자,2012 : 100  2013 : 50  2014 : -  2015 : 350  
017250, 인터엠,2013 : 100  2014 : 120  2015 : 120  2016 : 120  
094970, 제이엠티,2011 : -  2012 : -  2013 : 50  2014 : 50  
089140, 넥스턴,2013 : 100  2014 : 100  2015 : 60  2016 : 150  
000810, 삼성화재,2013 : 2750  2014 : 4500  2015 : 5150  2016 : 6100  
064480, 브리지텍,2013 : 150  2014 : 120  2015 : 160  2016 : 200  
065570, 삼영이엔씨,2013 : 210  2014 : 210  2015 : -  2016 : 255  
137940, 넥스트아이,2013 : 75  2014 : 50  2015 : 50  2016 : 75  
090370, 아비스타,2012 : 30  2013 : -  2014 : -  2015 : -  
215360, 우리산업,- : -  - : -  2015 : 50  2016 : 50  
031310, 아이즈비전,2013 : 50  2014 : 50  2015 : 55  2016 : 65  
054670, 대한뉴팜,2012 : -  2013 : -  2014 : -  2016 : 50  
032640, LG유플러스,2013 : 150  2014 : 150  2015 : 250  2016 : 350  
088290, 이원컴포텍,2011 : 20  2012 : 15  2013 : -  2014 : -  
071850, 캐스텍코리아,2013 : -  2014 : 120  2015 : 130  2016 : 130  
007690, 국도화학,2012 : 1000  2013 : 1000  2014 : 1000  2015 : 1500  
003090, 대웅,2013 : 500  2014 : 500  2015 : 500  2016 : 500  
006360, GS건설,2011 : 1000  2012 : 250  2013 : -  2014 : -  
052260, SK바이오랜드,2013 : 200  2014 : 250  2015 : 250  2016 : 250  
028150, GS홈쇼핑,2013 : 3500  2014 : 7700  2015 : 5200  2016 : 7000  
011700, 한신기계,2013 : 35  2014 : 45  2015 : 45  2016 : 65  
137950, 제이씨케미칼,2013 : 80  2014 : -  2015 : 60  2016 : 100  
065560, 선도소프트,2012 : -  2013 : -  2014 : -  2015 : -  
007210, 벽산,2012 : 130  2013 : 56  2014 : 68  2015 : 65  
005030, 부산주공,2012 : 40  2013 : -  2014 : 50  2015 : -  
099190, 아이센스,2013 : -  2014 : -  2015 : -  2016 : 100  
006120, SK케미칼,2013 : 400  2014 : 300  2015 : 300  2016 : 350  
017480, 삼현철강,2013 : 150  2014 : 150  2015 : 150  2016 : 150  
039290, 인포뱅크,2012 : 30  2013 : -  2014 : -  2016 : 30  
089150, 케이씨티,2013 : 120  2014 : 120  2015 : 60  2016 : 60  
100030, 모바일리더,2011 : -  2012 : -  2013 : 170  2014 : -  
090360, 로보스타,2013 : -  2014 : -  2015 : 70  2016 : 50  
102210, 해덕파워웨이,2013 : 250  2014 : 200  2015 : 100  2016 : 100  
128820, 대성산업,2012 : -  2013 : -  2014 : -  2015 : -  
115500, 케이씨에스,2013 : 100  2014 : 140  2015 : 70  2016 : 70  
143160, 아이디스,2013 : 350  2014 : 300  2015 : 300  2016 : 200  
092300, 현우산업,2013 : 30  2014 : 30  2015 : 60  2016 : 80  
126640, 화신정공,2013 : 20  2014 : 20  2015 : 20  2016 : 20  
033500, 동성화인텍,2013 : 70  2014 : 130  2015 : 130  2016 : 130  
034830, 한국토지신탁,2013 : 30  2014 : 40  2015 : 60  2016 : 75  
126880, 제이엔케이히터,2013 : 100  2014 : -  2015 : 100  2016 : 50  
072710, 농심홀딩스,2013 : 2000  2014 : 2000  2015 : 2000  2016 : 2000  
072950, 빛샘전자,2013 : 100  2014 : -  2015 : 200  2016 : 100  
076080, 웰크론한텍,2012 : 50  2013 : 50  2014 : -  2015 : -  
003080, 성보화학,2013 : 1500  2014 : 2000  2015 : 2200  2016 : 440  
109080, 옵티시스,2013 : 20  2014 : 50  2015 : 50  2016 : 50  
049080, 기가레인,2012 : -  2013 : 50  2014 : 50  2015 : -  
004170, 신세계,2013 : 1000  2014 : 1150  2015 : 1250  2016 : 1250  
081660, 휠라코리아,2012 : 250  2013 : 250  2014 : 250  2015 : 250  
011930, 신성솔라에너지,2012 : -  2013 : -  2014 : -  2015 : -  
078020, 이베스트투자증권,2013 : -  2014 : 73  2015 : 510  2016 : 515  
051160, 디지털오션,2012 : -  2013 : -  2014 : -  2015 : -  
117930, 한진해운,2011 : -  2012 : -  2013 : -  2014 : -  
067730, 로지시스,2013 : 1800  2014 : 1850  2015 : 60  2016 : 60  
950110, SBI액시즈,2013 : 189  2014 : 50  2015 : 90  2016 : 107  
020400, 대동금속,2013 : 300  2014 : 300  2015 : 300  2016 : 250  
131180, 딜리,2013 : 45  2014 : 50  2015 : 60  2016 : 50  
112240, 에스에프씨,2012 : 25  2013 : 25  2014 : 15  2015 : 25  
006110, 삼아알미늄,2013 : 75  2014 : 75  2015 : 55  2016 : 75  
008770, 호텔신라,2013 : 150  2014 : 350  2015 : 350  2016 : 350  
101330, 모베이스,2013 : 200  2014 : 100  2015 : -  2016 : 200  
023910, 대한약품,2013 : 120  2014 : 150  2015 : 180  2016 : 220  
090150, 광진윈텍,2013 : 30  2014 : 30  2015 : 30  2016 : 30  
207760, 미스터블루,- : -  2014 : -  2015 : -  2016 : 25  
030200, KT,2013 : 800  2014 : -  2015 : 500  2016 : 800  
039020, 이건창호,2013 : 50  2014 : 30  2015 : 30  2016 : 30  
032620, 유비케어,2013 : -  2014 : -  2015 : 30  2016 : 30  
160980, 싸이맥스,2013 : -  2014 : -  2015 : 200  2016 : 250  
149950, 아바텍,2013 : 100  2014 : 200  2015 : 100  2016 : 200  
070300, 솔라시아,2012 : -  2013 : 20  2014 : -  2015 : 20  
019210, 와이지-원,2013 : 150  2014 : 150  2015 : 150  2016 : 170  
018120, 진로발효,2012 : 1000  2013 : 1000  2014 : 1000  2015 : 1100  
054410, 케이피티,2013 : -  2014 : -  2015 : 50  2016 : 50  
008560, 메리츠종금증권,2013 : 70  2014 : 145  2015 : 230  2016 : 200  
192530, 광주은행,- : -  2014 : -  2015 : 200  2016 : 200  
080580, 오킨스전자,- : -  - : -  - : -  2014 : 70  
006140, 피제이전자,2013 : 200  2014 : 200  2015 : 220  2016 : 242  
005290, 동진쎄미켐,2013 : 60  2014 : 60  2015 : 60  2016 : 60  
006380, 카프로,2011 : 1000  2012 : 250  2013 : -  2014 : -  
049070, 인탑스,2013 : 500  2014 : 250  2015 : 350  2016 : 230  
051390, YW,2012 : 100  2013 : 100  2014 : 100  2016 : 100  
029460, 케이씨텍,2013 : 70  2014 : 100  2015 : 150  2016 : 150  
027040, 서울전자통신,2011 : 15  2012 : -  2013 : -  2014 : -  
042420, 네오위즈홀딩스,2012 : -  2013 : -  2014 : -  2015 : 330  
009410, 태영건설,2011 : 100  2012 : 100  2013 : -  2014 : -  
042660, 대우조선해양,2012 : 250  2013 : 300  2014 : 150  2015 : -  
016170, 로엔,2012 : 189  2013 : -  2014 : 711  2016 : 1004  
019680, 대교,2013 : 210  2014 : 230  2015 : 240  2016 : 240  
100250, 진양홀딩스,2013 : 135  2014 : 165  2015 : 140  2016 : 140  
039030, 이오테크닉스,2013 : 100  2014 : 200  2015 : 100  2016 : 100  
052220, iMBC,2013 : 45  2014 : 30  2015 : 30  2016 : 45  
034810, 해성산업,2013 : 100  2014 : 100  2015 : 100  2016 : 125  
051370, 인터플렉스,2012 : -  2013 : -  2014 : -  2015 : -  
052460, 아이크래프트,2013 : 50  2014 : 70  2015 : 100  2016 : 100  
019440, 세아특수강,2013 : 750  2014 : 800  2015 : 700  2016 : 750  
079370, 제우스,2013 : 200  2014 : 200  2015 : 300  2016 : 200  
006370, 대구백화점,2013 : 400  2014 : 600  2015 : 600  2016 : 400  
027050, 코리아나,2013 : -  2014 : -  2015 : 50  2016 : 50  
010620, 현대미포조선,2011 : 2000  2012 : 1500  2013 : 800  2014 : -  
012800, 대창,2011 : -  2012 : 30  2013 : -  2014 : -  
051380, 피씨디렉트,2013 : -  2014 : -  2015 : -  2016 : 20  
065530, 전파기지국,2012 : 500  2013 : 500  2014 : 500  2015 : 500  
065770, CS,2012 : -  2013 : -  2014 : -  2015 : -  
066620, 국보디자인,2013 : 230  2014 : 250  2015 : 250  2016 : 250  
049720, 고려신용정보,2013 : 50  2014 : 75  2015 : 150  2016 : 175  
101390, 아이엠,2012 : 50  2013 : -  2014 : -  2015 : -  
005900, 동양건설,2010 : 500  2011 : -  2012 : -  2013 : -  
069330, 유아이디,2011 : 150  2012 : 150  2013 : 150  2014 : 100  
000210, 대림산업,2013 : 100  2014 : 100  2015 : 300  2016 : 300  
001540, 안국약품,2013 : 205  2014 : 205  2015 : 220  2016 : 220  
003960, 사조대림,2013 : -  2014 : 200  2015 : -  2016 : 100  
068240, 다원시스,2013 : 60  2014 : 60  2015 : 50  2016 : 50  
003720, 삼영화학,2011 : 150  2012 : 50  2013 : -  2014 : -  
078600, 대주전자재료,2012 : 100  2013 : -  2014 : -  2015 : -  
036890, 진성티이씨,2013 : 100  2014 : 120  2015 : 150  2016 : 160  
090730, SIMPAC METALLOY,2013 : 80  2014 : 80  2015 : 50  2016 : 100  
034230, 파라다이스,2013 : 350  2014 : 600  2015 : 375  2016 : 300  
013520, 화승알앤에이,2013 : 250  2014 : 250  2015 : 500  2016 : 500  
009270, 신원,2011 : -  2012 : -  2013 : -  2014 : -  
075580, 세진중공업,2012 : -  2013 : -  2014 : -  2015 : 100  
095190, 이엠코리아,2011 : 50  2012 : 50  2013 : -  2014 : -  
001790, 대한제당,2013 : 500  2014 : 550  2015 : 450  2016 : 650  
194370, 제이에스코퍼레이션,2012 : -  2013 : 6210  2014 : -  2015 : 250  
098460, 고영,2013 : 350  2014 : 300  2015 : 300  2016 : 400  
002880, 대유에이텍,2013 : 30  2014 : 50  2015 : 40  2016 : 15  
101160, 월덱스,2012 : 100  2013 : 50  2014 : -  2015 : -  
004800, 효성,2013 : 1000  2014 : 2000  2015 : 3500  2016 : 5000  
000440, 중앙에너비스,2013 : 800  2014 : 800  2015 : 800  2016 : 800  
001530, 동일방직,2013 : 1000  2014 : 625  2015 : 625  2016 : 625  
002620, 제일약품,2013 : 40  2014 : 60  2015 : 60  2016 : 70  
130960, CJ E&M,2013 : -  2014 : -  2015 : 200  2016 : 200  
079940, 가비아,2013 : 20  2014 : 20  2015 : 30  2016 : 30  
148250, 알엔투테크놀로지,- : -  - : -  - : -  2016 : 50  
040910, 아이씨디,2013 : -  2014 : 100  2015 : -  2016 : 100  
058430, 포스코강판,2013 : -  2014 : -  2015 : 750  2016 : 1000  
115310, 인포바인,2013 : 810  2014 : -  2015 : 1750  2016 : 900  
140520, 대창스틸,2013 : 100  2014 : 150  2015 : 150  2016 : 150  
089980, 상아프론테크,2013 : 115  2014 : 107  2015 : 140  2016 : 140  
001780, 알루코,2013 : -  2014 : -  2015 : 50  2016 : 50  
023590, 다우기술,2013 : 130  2014 : 130  2015 : 150  2016 : 250  
002870, 신풍제지,2011 : -  2012 : 1000  2013 : 500  2014 : 500  
023350, 한국종합기술,2013 : 100  2014 : 100  2015 : 100  2016 : 100  
112040, 위메이드,2012 : -  2013 : -  2014 : -  2016 : 600  
025530, SJM홀딩스,2013 : 150  2014 : 200  2015 : 200  2016 : 200  
049960, 쎌바이오텍,2013 : 150  2014 : 150  2015 : 400  2016 : 550  
060980, 한라홀딩스,2013 : 1200  2014 : 500  2015 : 1200  2016 : 1250  
102460, 이연제약,2013 : 150  2014 : 250  2015 : 300  2016 : 350  
004830, 덕성,2013 : 45  2014 : 45  2015 : 20  2016 : 45  
002410, 범양건영,2012 : -  2013 : -  2014 : -  2015 : -  
044490, 태웅,2012 : -  2013 : -  2014 : -  2015 : -  
099320, 쎄트렉아이,2013 : 180  2014 : 150  2015 : 220  2016 : 240  
079950, LIG에이디피,2011 : -  2012 : -  2013 : -  2014 : -  
086250, 화신테크,2012 : 50  2013 : 60  2014 : 60  2015 : 20  
010040, 한국내화,2013 : 50  2014 : 50  2015 : 50  2016 : 25  
011370, 서한,2012 : 5  2013 : 15  2014 : 20  2015 : 25  
037950, 엘컴텍,2013 : -  2014 : -  2015 : -  2016 : 50  
056000, 코원,2012 : -  2013 : -  2014 : -  2015 : -  
114450, KPX생명과학,2011 : 225  2012 : 600  2013 : -  2014 : -  
037710, 광주신세계,2013 : 1250  2014 : 1250  2015 : 1250  2016 : 1250  
009290, 광동제약,2013 : 70  2014 : 80  2015 : 80  2016 : 80  
017900, 광전자,2011 : -  2012 : -  2013 : -  2014 : -  
001570, 금양,2013 : 45  2014 : 60  2015 : 60  2016 : -  
000240, 한국타이어월드와이드,2013 : 300  2014 : 300  2015 : 300  2016 : 300  
049950, 미래컴퍼니,2013 : -  2014 : -  2015 : 100  2016 : 170  
000480, 조선내화,2013 : 4000  2014 : 4000  2015 : 4000  2016 : 3500  
046440, KG모빌리언스,2013 : 125  2014 : 150  2015 : 150  2016 : 200  
069540, 빛과전자,2012 : -  2013 : -  2014 : -  2015 : -  
000220, 유유제약,2013 : 160  2014 : 180  2015 : 180  2016 : 180  
130500, GH신소재,2013 : 50  2014 : 75  2015 : 90  2016 : 90  
130740, 티피씨글로벌,2013 : -  2014 : 20  2015 : 40  2016 : 50  
105740, 디케이락,2013 : 100  2014 : 200  2015 : 150  2016 : 100  
079960, 동양이엔피,2013 : 300  2014 : 300  2015 : 300  2016 : 300  
058400, KNN,2013 : 250  2014 : 250  2015 : 250  2016 : 20  
012450, 한화테크윈,2012 : 500  2013 : 500  2014 : -  2015 : 300  
221610, 한솔씨앤피,2013 : -  2014 : -  2015 : 500  2016 : 500  
012690, 모나리자,2012 : 25  2013 : -  2014 : -  2015 : 50  
090740, 연이정보통신,2013 : -  2014 : -  2015 : 70  2016 : 143  
036640, HRS,2013 : 70  2014 : 80  2015 : 30  2016 : 80  
034220, LG디스플레이,2013 : -  2014 : 500  2015 : 500  2016 : 500  
033130, 디지틀조선,2013 : 40  2014 : 40  2015 : 40  2016 : 40  
014620, 성광벤드,2013 : 150  2014 : 150  2015 : 150  2016 : 150  
060720, KH바텍,2013 : 370  2014 : 500  2015 : 300  2016 : 50  
032040, C&S자산관리,2012 : 375  2013 : 150  2014 : -  2015 : 125  
058650, 세아홀딩스,2012 : 1750  2013 : 1750  2014 : 1800  2015 : 1750  
012200, 계양전기,2013 : 50  2014 : 45  2015 : 55  2016 : 65  
032280, 삼일,2013 : -  2014 : -  2015 : 70  2016 : 50  
115530, 씨엔플러스,2012 : 50  2013 : -  2014 : -  2015 : -  
015710, 코콤,2013 : 50  2014 : 100  2015 : 125  2016 : 150  
054050, 농우바이오,2012 : 250  2013 : 250  2014 : 250  2015 : 250  
016800, 퍼시스,2013 : 700  2014 : 700  2015 : 700  2016 : 700  
001560, 제일연마,2013 : 200  2014 : 200  2015 : 160  2016 : 160  
073190, 듀오백코리아,2011 : 240  2012 : 150  2013 : -  2014 : -  
000230, 일동홀딩스,2013 : 160  2014 : 200  2015 : 300  2016 : 150  
234920, 자이글,2013 : 10844  2014 : 11719  2015 : 8253  2016 : 300  
045100, 한양이엔지,2013 : 120  2014 : 150  2015 : 200  2016 : 250  
024660, 하림홀딩스,2012 : -  2013 : -  2014 : -  2016 : 50  
001500, HMC투자증권,2013 : -  2014 : 150  2015 : 450  2016 : 400  
105550, 트루윈,2012 : -  2013 : 50  2014 : 25  2015 : -  
023530, 롯데쇼핑,2013 : 1500  2014 : 2000  2015 : 2000  2016 : 2000  
003920, 남양유업,2013 : 1000  2014 : 1000  2015 : 1000  2016 : 1000  
000650, 천일고속,2013 : -  2014 : -  2015 : 6000  2016 : 8000  
046890, 서울반도체,2013 : 146  2014 : -  2015 : 75  2016 : 81  
025950, 동신건설,2013 : 200  2014 : 100  2015 : 100  2016 : 100  
104460, 동양피엔에프,2013 : 50  2014 : 120  2015 : 120  2016 : 100  
001740, SK네트웍스,2013 : -  2014 : 100  2015 : 100  2016 : 100  
075130, 플랜티넷,2013 : 330  2014 : 150  2015 : 150  2016 : 150  
230360, 에코마케팅,2013 : 750  2014 : -  2015 : -  2016 : 210  
079970, 투비소프트,2013 : 70  2014 : 45  2015 : -  2016 : 30  
011790, SKC,2013 : 500  2014 : 550  2015 : 750  2016 : 750  
161890, 한국콜마,2013 : 105  2014 : 160  2015 : 200  2016 : 250  
035760, CJ오쇼핑,2013 : 2000  2014 : 2500  2015 : 2500  2016 : 2500  
013720, 청보산업,2012 : 50  2013 : 50  2014 : 50  2015 : 25  
012630, 현대산업,2013 : 50  2014 : 300  2015 : 500  2016 : 700  
033340, 좋은사람들,2011 : -  2012 : 20  2013 : -  2014 : 10  
011300, 성안,2012 : -  2013 : -  2014 : -  2015 : 10  
035510, 신세계 I&C,2013 : 1000  2014 : 1000  2015 : 1000  2016 : 1000  
009470, 삼화전기,2013 : 50  2014 : 50  2015 : 30  2016 : 50  
222980, 한국맥널티,2013 : -  2014 : -  2015 : 100  2016 : 130  
079980, 휴비스,2013 : 300  2014 : 300  2015 : 300  2016 : 300  
054040, 한국컴퓨터,2013 : 130  2014 : 120  2015 : 130  2016 : 130  
078890, 가온미디어,2013 : 70  2014 : 100  2015 : 100  2016 : 100  
192390, 윈하이텍,2013 : -  2014 : 100  2015 : 70  2016 : 30  
210980, SK디앤디,2013 : -  2014 : 2600  2015 : 400  2016 : 530  
002820, 선창산업,2013 : 115  2014 : 165  2015 : 182  2016 : 205  
043150, 바텍,2013 : 100  2014 : 100  2015 : 100  2016 : 100  
103140, 풍산,2013 : 450  2014 : 600  2015 : 500  2016 : 700  
000640, 동아쏘시오홀딩스,2013 : 1000  2014 : 1000  2015 : 1000  2016 : 1000  
128660, 피제이메탈,2013 : 75  2014 : 90  2015 : 100  2016 : 90  
000880, 한화,2013 : 400  2014 : 500  2015 : 500  2016 : 600  
105560, KB금융,2013 : 500  2014 : 780  2015 : 980  2016 : 1250  
089790, 제이티,2011 : -  2012 : -  2013 : -  2014 : 130  
000400, 롯데손해보험,2013 : -  2013 : -  2014 : -  2016 : 10  
200710, 에이디테크놀로지,2012 : -  2013 : -  2014 : -  2015 : 250  
086280, 현대글로비스,2013 : 1500  2014 : 2000  2015 : 3000  2016 : 3000  
011780, 금호석유,2013 : 1500  2014 : 1500  2015 : 800  2016 : 800  
033100, 제룡전기,2013 : 50  2014 : 50  2015 : 55  2016 : 50  
010690, 화신,2013 : 100  2014 : 100  2015 : 100  2016 : 100  
012620, 원일특강,2013 : 70  2014 : 80  2015 : 80  2016 : 80  
012860, 서연전자,2012 : 30  2013 : 30  2014 : 50  2015 : 50  
008370, 원풍,2012 : 110  2013 : 110  2014 : 125  2015 : 140  
007280, 한국특수형강,2012 : 750  2013 : 300  2014 : 250  2015 : -  
193250, 와이제이엠게임즈,- : -  2013 : -  2014 : -  2015 : 50  
023790, 동일철강,2011 : -  2012 : -  2013 : -  2014 : -  
000890, 보해양조,2012 : -  2013 : -  2014 : -  2015 : -  
069510, 에스텍,2013 : 280  2014 : 380  2015 : 310  2016 : 500  
020000, 한섬,2013 : 300  2014 : 300  2015 : 300  2016 : 300  
048830, 엔피케이,2013 : 50  2014 : 30  2015 : 30  2016 : 30  
024880, 케이피에프,2013 : 120  2014 : 100  2015 : 150  2016 : 150  
101170, 우림기계,2013 : 35  2014 : 75  2015 : 50  2016 : 50  
102260, 동성코퍼레이션,2013 : 100  2014 : 170  2015 : 200  2016 : 200  
103590, 일진전기,2013 : 70  2014 : 80  2015 : 80  2016 : 60  
044450, KSS해운,2013 : 130  2014 : 200  2015 : 260  2016 : 170  
000430, 대원강업,2013 : 120  2014 : 120  2015 : 125  2016 : 125  
043360, 디지아이,2013 : 50  2014 : 50  2015 : 50  2016 : 50  
067570, 엔브이에이치코리아,2013 : 100  2014 : 100  2015 : 120  2016 : 140  
001520, 동양,2013 : -  2014 : -  2015 : 100  2016 : 50  
065150, MPK,2011 : 20  2012 : 20  2013 : 10  2014 : 5  
092730, 네오팜,2013 : 100  2014 : 250  2015 : 250  2016 : 350  
013990, 아가방컴퍼니,2011 : 80  2012 : 40  2013 : 40  2014 : -  
033310, 디케이디앤아이,2012 : -  2013 : -  2014 : -  2015 : 50  
058850, KTcs,2013 : 120  2014 : 120  2015 : 100  2016 : 80  
010240, 흥국,2013 : 100  2014 : 100  2015 : 100  2016 : 150  
058610, 에스피지,2013 : 200  2014 : 200  2015 : 50  2016 : 100  
033560, 블루콤,2013 : 300  2014 : 400  2015 : 400  2016 : 50  
014830, 유니드,2013 : 1000  2014 : 1100  2015 : 1100  2016 : 1100  
058860, 케이티스,2013 : 120  2014 : 120  2015 : 100  2016 : 80  
011320, 유니크,2013 : 65  2014 : 75  2015 : 100  2016 : 90  
007070, GS리테일,2013 : 450  2014 : 600  2015 : 850  2016 : 1100  
082920, 비츠로셀,2014 : 60  2014 : -  2015 : 45  2016 : 75  
151860, KG ETS,2013 : 50  2014 : 100  2015 : 100  2016 : 100  
001770, 신화실업,2013 : 150  2014 : 200  2015 : 350  2016 : 250  
136480, 하림,2012 : -  2013 : -  2014 : -  2016 : 50  
000680, LS네트웍스,2012 : 50  2013 : 10  2014 : 10  2015 : -  
043370, 평화정공,2013 : 140  2014 : 140  2015 : 140  2016 : 150  
002600, 조흥,2013 : 1500  2014 : 2500  2015 : 2500  2016 : 5000  
023760, 한국캐피탈,2013 : 25  2014 : 20  2015 : 26  2016 : 20  
064290, 인텍플러스,2012 : 50  2013 : -  2014 : -  2015 : -  
000660, SK하이닉스,2013 : -  2014 : 300  2015 : 500  2016 : 600  
001750, 한양증권,2014 : 250  2014 : 350  2015 : 400  2016 : 350  
002840, 미원상사,2012 : 1800  2013 : -  2014 : -  2015 : -  
041190, 우리기술투자,2012 : -  2013 : -  2014 : 15  2016 : 15  
001510, SK증권,2012 : -  2013 : -  2013 : -  2014 : -  
086060, 진바이오텍,2013 : 30  2014 : 30  2015 : 30  2016 : 30  
011560, 세보엠이씨,2013 : 100  2014 : 125  2015 : 175  2016 : 200  
033320, 제이씨현시스템,2013 : 15  2014 : 15  2015 : 15  2016 : 25  
010470, 오리콤,2013 : 200  2014 : 200  2015 : 200  2016 : 220  
014820, 동원시스템즈,2013 : -  2014 : 250  2015 : 250  2016 : 250  
115570, 스타플렉스,2013 : 200  2014 : -  2015 : -  2016 : 80  
031390, 녹십자셀,2012 : -  2013 : -  2014 : -  2016 : 50  
009240, 한샘,2013 : 700  2014 : 850  2015 : 1000  2016 : 1100  
036830, 솔브레인,2013 : 450  2014 : 450  2015 : 500  2016 : 610  
136490, 선진,2013 : 100  2014 : 100  2015 : 100  2016 : 100  
053160, 프리엠스,2013 : 50  2014 : 50  2015 : 50  2016 : 50  
067310, 하나마이크론,2012 : -  2013 : -  2014 : 100  2015 : 50  
045300, 성우테크론,2013 : 50  2014 : 25  2015 : 25  2016 : 28  
000670, 영풍,2012 : 7500  2013 : 7500  2014 : 7500  2015 : 9750  
069730, DSR제강,2013 : 30  2014 : 30  2015 : 40  2016 : 40  
005500, 삼진제약,2013 : 400  2014 : 500  2015 : 600  2016 : 700  
048470, 대동스틸,2013 : 30  2014 : 30  2015 : 30  2016 : 50  
036490, SK머티리얼즈,2013 : 500  2014 : 1000  2015 : 2560  2016 : 3550  
012280, 영화금속,2013 : 20  2014 : 30  2015 : 50  2016 : 30  
036010, 아비코전자,2013 : 70  2014 : 150  2015 : 200  2016 : 220  
122800, 썬텍,2012 : 60  2013 : -  2014 : -  2015 : 150  
041830, 인바디,2013 : 40  2014 : 60  2015 : 80  2016 : 100  
086980, 쇼박스,2013 : -  2014 : -  2015 : 50  2016 : 50  
002240, 고려제강,2012 : 350  2013 : 350  2014 : 350  2015 : 350  
005750, 대림B&Co,2013 : 67  2014 : 100  2015 : 130  2016 : 130  
006840, AK홀딩스,2013 : 200  2014 : 350  2015 : 500  2016 : 550  
000060, 메리츠화재,2013 : 320  2014 : 380  2015 : 570  2016 : 830  
060590, 씨티씨바이오,2012 : -  2013 : -  2014 : -  2015 : -  
002000, 한국유리,2013 : -  2014 : 100  2015 : 775  2016 : 775  
210540, 디와이파워,- : -  2014 : -  2015 : 100  2016 : 120  
114190, 웰크론강원,2011 : 150  2012 : 50  2013 : 30  2014 : -  
175330, JB금융지주,2013 : 100  2014 : 100  2015 : 50  2016 : 50  
001390, KG케미칼,2013 : 1000  2014 : 350  2015 : 350  2016 : 350  
005990, 매일유업,2012 : 125  2013 : 125  2014 : 125  2015 : 125  
003570, S&T중공업,2012 : 300  2013 : 150  2014 : 100  2015 : 200  
029960, 코엔텍,2013 : 25  2014 : 25  2015 : 25  2016 : 25  
155960, 지디,2012 : 150  2013 : 200  2014 : 100  2015 : -  
094360, 칩스앤미디어,2013 : -  2014 : -  2015 : 170  2016 : 95  
097870, 효성오앤비,2013 : 200  2014 : 230  2015 : 250  2016 : 200  
013360, 일성건설,2013 : 150  2014 : -  2015 : 250  2016 : 200  
038680, 에스넷,2012 : 50  2013 : 100  2014 : 50  2015 : 25  
017960, 한국카본,2013 : 100  2014 : 120  2015 : 130  2016 : 130  
037350, 성도이엔지,2013 : 70  2014 : 50  2015 : 50  2016 : 100  
051630, 진양화학,2013 : 185  2014 : 215  2015 : 125  2016 : 75  
013120, 동원개발,2013 : 450  2014 : 650  2015 : 100  2016 : 140  
217190, 제너셈,2012 : -  2013 : 50  2014 : 50  2015 : 50  
012030, 동부CNI,2012 : 100  2013 : -  2014 : -  2015 : -  
087600, 픽셀플러스,2013 : 300  2014 : 150  2015 : 100  2016 : 100  
059120, 아진엑스텍,2012 : -  2013 : -  2014 : -  2016 : 200  
001140, 국보,2012 : 50  2013 : 50  2014 : 50  2015 : 50  
004650, 창해에탄올,2013 : -  2014 : 500  2015 : 500  2016 : 500  
000050, 경방,2013 : 250  2014 : 500  2015 : 1250  2016 : 180  
002230, 피에스텍,2013 : 50  2014 : 50  2015 : 50  2016 : 75  
005740, 크라운제과,2013 : 1000  2014 : 1000  2015 : 2000  2016 : 200  
004890, 동일산업,2013 : 750  2014 : 1000  2015 : 600  2016 : 1200  
104120, 신성에프에이,2012 : -  2013 : -  2014 : -  2015 : -  
053800, 안랩,2013 : 200  2014 : 300  2015 : 500  2016 : 700  
007700, F&F,2013 : 100  2014 : 150  2015 : 200  2016 : 350  
039980, 리노스,2012 : 100  2013 : -  2014 : 50  2015 : 50  
017510, 세명전기,2013 : 80  2014 : 80  2015 : 80  2016 : 80  
037560, CJ헬로비전,2013 : 75  2014 : 75  2015 : 75  2016 : 75  
039740, 한국정보공학,2011 : -  2012 : -  2013 : -  2014 : -  
086520, 에코프로,2012 : -  2013 : -  2014 : -  2015 : -  
119860, 다나와,2013 : 220  2014 : 220  2015 : 250  2016 : 300  
170900, 동아에스티,2013 : 250  2014 : 750  2015 : 1000  2016 : 500  
183190, 아세아시멘트,2013 : 1250  2014 : 1500  2015 : 1500  2016 : 1500  
002020, 코오롱,2013 : 500  2014 : 500  2015 : 500  2016 : 500  
004440, 대림씨엔에스,2013 : -  2014 : 4620  2015 : -  2016 : 600  
023160, 태광,2013 : 15  2014 : 15  2015 : 100  2016 : 50  
000080, 하이트진로,2013 : 1100  2014 : 1000  2015 : 1000  2016 : 900  
003350, 한국화장품제조,2012 : -  2013 : -  2014 : -  2016 : 100  
093050, LF,2013 : 400  2014 : 500  2015 : 500  2016 : 500  
099830, 씨그널정보통신,2012 : -  2013 : -  2014 : -  2015 : -  
072130, 유엔젤,2012 : 150  2013 : 150  2014 : 100  2015 : 100  
071280, 로체시스템즈,2012 : -  2013 : 50  2014 : -  2015 : -  
069140, 누리플랜,2012 : -  2013 : -  2014 : -  2015 : -  
014470, 리홈,2012 : -  2013 : -  2014 : -  2015 : -  
036480, 대성미생물,2013 : 850  2014 : 850  2015 : 1000  2016 : 1000  
035150, 백산,2013 : 80  2014 : 60  2015 : 60  2016 : 90  
050760, 에스폴리텍,2012 : -  2013 : -  2014 : -  2016 : 25  
068290, 삼성출판사,2013 : 100  2014 : 100  2015 : 130  2016 : 110  
037330, 인지디스플레,2013 : 50  2014 : 50  2015 : 50  2016 : 50  
036000, 예림당,2011 : 150  2012 : 150  2013 : 150  2014 : 150  
200780, 비씨월드제약,2013 : 500  2014 : 100  2015 : -  2016 : 120  
119850, 지엔씨에너지,2013 : 50  2014 : 70  2015 : 80  2016 : 120  
117670, 알파홀딩스,2013 : 70  2014 : 70  2015 : 40  2016 : 40  
144620, 코오롱머티리얼,2012 : 100  2013 : 200  2014 : -  2016 : 100  
189980, 흥국에프엔비,2013 : 100  2014 : 200  2015 : 200  2016 : 100  
084110, 휴온스글로벌,2013 : 200  2014 : 400  2015 : 550  2016 : 410  
059100, 아이컴포넌트,2012 : -  2013 : -  2014 : -  2015 : 100  
119610, 인터로조,2013 : 70  2014 : 70  2015 : 120  2016 : 180  
004430, 송원산업,2013 : 70  2014 : 60  2015 : 70  2016 : 140  
000070, 삼양홀딩스,2013 : 1250  2014 : 1500  2015 : 1500  2016 : 2000  
003100, 선광,2013 : 400  2014 : 500  2015 : 350  2016 : 400  
060560, 홈센타홀딩스,2013 : -  2014 : -  2015 : 50  2016 : 50  
002250, 근화제약,2011 : 600  2012 : -  2013 : -  2014 : -  
051600, 한전KPS,2013 : 1520  2014 : 1670  2015 : 1690  2016 : 680  
048430, 유라테크,2013 : 100  2014 : 100  2015 : 135  2016 : 135  
096350, 대창솔루션,2012 : 50  2013 : 30  2014 : 30  2015 : 30  
005940, NH투자증권,2013 : 50  2014 : 160  2015 : 400  2016 : 400  
071050, 한국금융지주,2013 : 200  2014 : 700  2015 : 1000  2016 : 800  
011390, 부산산업,2013 : -  2014 : 250  2015 : 250  2016 : 250  
015750, 성우하이텍,2013 : 200  2014 : 200  2015 : 200  2016 : 200  
010060, OCI,2012 : 400  2013 : -  2014 : 200  2016 : 400  
036690, 코맥스,2013 : 100  2014 : 60  2015 : 60  2016 : 60  
013570, 디와이,2013 : 150  2014 : 230  2015 : 110  2016 : 140  
138360, 에이씨티,2012 : -  2013 : 175  2014 : 175  2015 : 60  
033180, 필룩스,2013 : 35  2014 : 40  2015 : -  2016 : 78  
009070, KCTC,2013 : 250  2014 : 30  2015 : 35  2016 : 35  
002680, 영남제분,2011 : -  2012 : 25  2013 : -  2014 : -  
026890, 디피씨,2013 : 50  2014 : 50  2015 : 50  2016 : 70  
005950, 이수화학,2013 : 450  2014 : 100  2015 : 300  2016 : 500  
003530, 한화투자증권,2013 : -  2013 : -  2014 : 70  2015 : -  
095270, 웨이브일렉트로,2012 : -  2013 : -  2014 : -  2015 : -  
049770, 동원F&B,2013 : 2000  2014 : 3000  2015 : 2500  2016 : 2500  
000020, 동화약품,2013 : 70  2014 : 80  2015 : 80  2016 : 110  
131970, 테스나,- : -  - : -  2013 : 170  2014 : 120  
068270, 셀트리온,2013 : 30  2014 : 50  2015 : 30  2016 : 50  
002420, 세기상사,2011 : -  2012 : -  2013 : -  2014 : -  
005930, 삼성전자,2013 : 14300  2014 : 20000  2015 : 21000  2016 : 28500  
004840, DRB동일,2013 : 56  2014 : 75  2015 : 74  2016 : 94  
196490, 디에이테크놀로지,2013 : 400  2014 : 50  2015 : 50  2016 : 100  
108790, 인터파크,2013 : -  2014 : 100  2015 : 250  2016 : 100  
036460, 한국가스공사,2012 : 1640  2013 : -  2014 : 250  2015 : 170  
078930, GS,2013 : 1350  2014 : 1200  2015 : 1500  2016 : 1600  
010050, 금호종금,2012 : -  2013 : -  2014 : -  2014 : -  
084370, 유진테크,2013 : 150  2014 : 150  2015 : 200  2016 : 230  
058470, 리노공업,2013 : 550  2014 : 700  2015 : 800  2016 : 900  
086790, 하나금융지주,2013 : 400  2014 : 600  2015 : 650  2016 : 1050  
073490, 이노와이어리스,2011 : 180  2012 : 150  2013 : -  2014 : -  
000490, 대동공업,2013 : 50  2014 : 60  2015 : 50  2016 : 40  
001340, 백광산업,2011 : 500  2012 : 40  2013 : -  2014 : -  
023150, MH에탄올,2013 : -  2014 : 200  2015 : 250  2016 : 300  
094170, 동운아나텍,2013 : 90  2014 : 100  2015 : 140  2016 : 30  
049520, 유아이엘,2013 : 500  2014 : 600  2015 : 620  2016 : 700  
000250, 삼천당제약,2013 : 50  2014 : 75  2015 : 50  2016 : 50  
060540, 에스에이티,2012 : 50  2013 : -  2014 : -  2015 : -  
067170, 오텍,2013 : 50  2014 : 70  2015 : 70  2016 : 70  
027710, 팜스토리,2012 : -  2013 : 25  2014 : 25  2015 : -  
047560, 이스트소프트,2011 : 100  2012 : -  2013 : -  2014 : -  
003300, 한일시멘트,2013 : 1400  2014 : 1500  2015 : 1500  2016 : 1600  
073010, 케이에스피,2012 : -  2013 : -  2014 : -  2015 : -  
005720, 넥센,2013 : 500  2014 : 550  2015 : 550  2016 : 75  
109610, 에스와이패널,2013 : -  2014 : -  2015 : -  2016 : 150  
014680, 한솔케미칼,2013 : 500  2014 : 600  2015 : 800  2016 : 1000  
011170, 롯데케미칼,2012 : 1000  2013 : 1000  2014 : 1000  2015 : 2500  
014200, 광림,2012 : -  2013 : -  2014 : -  2015 : -  
036670, KCI,2013 : 75  2014 : 90  2015 : 130  2016 : 180  
037760, 쎄니트,2013 : -  2014 : 20  2015 : 30  2016 : 30  
014440, 영보화학,2013 : 100  2014 : 100  2015 : 100  2016 : 100  
058220, 아리온,2012 : 150  2013 : -  2014 : -  2015 : -  
033160, 엠케이전자,2013 : 160  2014 : 150  2015 : 120  2016 : 80  
016610, 동부증권,2012 : -  2013 : 250  2013 : -  2014 : 100  
003550, LG,2013 : 1000  2014 : 1000  2015 : 1300  2016 : 1300  
002460, 화성산업,2013 : 250  2014 : 400  2015 : 520  2016 : 680  
001130, 대한제분,2013 : 2000  2014 : 2500  2015 : 2000  2016 : 2000  
002220, 한일철강,2012 : 250  2013 : 400  2014 : 150  2016 : 350  
003310, 대주산업,2013 : -  2014 : -  2015 : 25  2016 : 25  
025540, 한국단자,2013 : 350  2014 : 450  2015 : 600  2016 : 700  
212560, 네오오토,2013 : -  2014 : -  2015 : -  2016 : 150  
130660, 한전산업,2012 : 27  2013 : 198  2014 : 134  2015 : 169  
067160, 아프리카TV,2013 : 115  2014 : 150  2015 : 200  2016 : 290  
109860, 동일금속,2013 : 150  2014 : 140  2015 : 160  2016 : 100  
005710, 대원산업,2013 : 75  2014 : 125  2015 : 125  2016 : 100  
006800, 미래에셋대우,2013 : 120  2013 : -  2014 : 250  2015 : 330  
002200, 수출포장,2013 : 500  2014 : 500  2015 : 500  2016 : 500  
044060, 조광ILI,2013 : 80  2014 : 80  2015 : 80  2016 : 80  
013580, 계룡건설,2011 : 100  2012 : -  2013 : -  2014 : -  
015760, 한국전력,2012 : -  2013 : 90  2014 : 500  2015 : 3100  
011160, 두산건설,2012 : -  2013 : -  2014 : 100  2015 : -  
017940, E1,2013 : 2000  2014 : 2000  2015 : 2600  2016 : 2000  
038620, 위즈정보기술,2012 : -  2013 : -  2014 : -  2015 : -  
036200, 유니셈,2013 : -  2014 : -  2015 : 60  2016 : 40  
163560, 동일고무벨트,2013 : 58  2014 : 77  2015 : 76  2016 : 95  
058450, 일야,2012 : -  2013 : -  2014 : 70  2015 : 110  
119650, KC코트렐,2013 : 100  2014 : -  2015 : -  2016 : 40  
034020, 두산중공업,2013 : 750  2014 : 750  2015 : 850  2016 : 550  
054090, 삼진엘앤디,2012 : 70  2013 : 50  2014 : -  2015 : 50  
161390, 한국타이어,2013 : 400  2014 : 400  2015 : 400  2016 : 400  
139480, 이마트,2013 : 1500  2014 : 1500  2015 : 1500  2016 : 1500  
016600, 큐캐피탈,2012 : 14  2013 : -  2014 : -  2015 : -  
032080, 아즈텍WB,2013 : -  2014 : 50  2015 : 50  2016 : 50  
000270, 기아차,2013 : 700  2014 : 1000  2015 : 1100  2016 : 1100  
003780, 진양산업,2013 : 150  2014 : 150  2015 : 200  2016 : 175  
094190, 이엘케이,2012 : -  2013 : -  2014 : -  2015 : -  
002450, 삼익악기,2013 : 50  2014 : 50  2015 : 50  2016 : 50  
001120, LG상사,2013 : 300  2014 : 300  2015 : 200  2016 : 250  
002210, 동성제약,2011 : 30  2012 : 30  2013 : 30  2014 : -  
003540, 대신증권,2013 : 200  2014 : 250  2015 : 500  2016 : 550  
005960, 동부건설,2012 : -  2013 : -  2014 : -  2015 : -  
071090, 하이스틸,2012 : 350  2013 : 100  2014 : 150  2016 : 150  
089600, 나스미디어,2013 : 170  2014 : 290  2015 : 360  2016 : 390  
000030, 우리은행,2012 : -  2013 : -  2014 : 500  2015 : 500  
025550, 한국선재,2013 : -  2014 : 100  2015 : 100  2016 : 100  
002690, 동일제강,2013 : -  2014 : -  2015 : 20  2016 : 20  
053660, 현진소재,2012 : 50  2013 : -  2014 : -  2015 : -  
052330, 코텍,2013 : 250  2014 : 200  2015 : 250  2016 : 300  
032960, 동일기연,2013 : 60  2014 : 60  2015 : 60  2016 : 60  
019990, 에너토크,2012 : 100  2013 : 70  2014 : 100  2015 : 70  
051490, 나라엠앤디,2013 : 120  2014 : 120  2015 : 110  2016 : 100  
066970, 엘앤에프,2013 : 20  2014 : 20  2015 : 20  2016 : 50  
061040, 알에프텍,2012 : 100  2013 : 100  2014 : 50  2015 : 50  
042520, 한스바이오메드,2013 : 100  2014 : 100  2015 : 100  2016 : 100  
006200, 한국전자홀딩스,2011 : -  2012 : -  2013 : -  2014 : -  
085810, 알티캐스트,- : -  - : -  2013 : -  2014 : 150  
086900, 메디톡스,2013 : 1000  2014 : 1500  2015 : 1700  2016 : 2000  
007530, 영신금속,2013 : 30  2014 : 25  2015 : 40  2016 : 40  
191420, 테고사이언스,- : -  - : -  - : -  2014 : 50  
005110, 한창,2013 : -  2014 : 15  2015 : 16  2016 : 21  
007770, 한일화학,2013 : 150  2014 : 150  2015 : 120  2016 : 150  
004020, 현대제철,2013 : 500  2014 : 750  2015 : 750  2016 : 750  
177350, 베셀,2013 : -  2014 : -  2015 : -  2016 : 100  
039130, 하나투어,2013 : 1100  2014 : 1300  2015 : 1500  2016 : 1500  
030790, 동양네트웍스,2012 : -  2013 : -  2014 : -  2015 : -  
095610, 테스,2013 : 80  2014 : 160  2015 : 210  2016 : 220  
083640, 윈포넷,2011 : -  2012 : -  2013 : -  2014 : -  
004490, 세방전지,2013 : 300  2014 : 300  2015 : 350  2016 : 350  
002070, 남영비비안,2013 : 400  2014 : 200  2015 : 200  2016 : 200  
122870, 와이지엔터테인먼트,2013 : 300  2014 : 250  2015 : 350  2016 : 200  
027390, 한화갤러리아타임월드,2012 : 700  2013 : 1000  2014 : 1000  2015 : 1000  
004250, NPC,2013 : 70  2014 : 70  2015 : 75  2016 : 80  
003160, 디아이,2013 : -  2014 : 75  2015 : 50  2016 : 50  
084730, 팅크웨어,2012 : -  2013 : -  2014 : -  2015 : -  
041440, 에버다임,2013 : 190  2014 : 150  2015 : 100  2016 : 110  
018680, 서울제약,2013 : 50  2014 : 35  2015 : 25  2016 : 15  
071670, 에이테크솔루션,2011 : 100  2012 : -  2013 : -  2014 : -  
108320, 실리콘웍스,2013 : 600  2014 : 600  2015 : 1000  2016 : 900  
092130, 이크레더블,2013 : 320  2014 : 350  2015 : 420  2016 : 530  
039340, 한국경제TV,2013 : 40  2014 : 50  2015 : 60  2016 : 80  
142280, 녹십자엠에스,2009 : 750  2010 : 750  2011 : 75  2014 : 50  
030520, 한글과컴퓨터,2013 : 200  2014 : 260  2015 : 400  2016 : 200  
000910, 유니온,2013 : 60  2014 : 70  2015 : 70  2016 : 70  
038010, 제일테크노스,2013 : 100  2014 : 800  2015 : 80  2016 : 60  
129260, 인터지스,2013 : 60  2014 : 150  2015 : 100  2016 : 120  
019770, 서연탑메탈,2013 : 75  2014 : 80  2015 : 40  2016 : 40  
200130, 콜마비앤에이치,2013 : -  2014 : -  2015 : 125  2016 : 130  
078070, 유비쿼스,2013 : 120  2014 : 200  2015 : 300  2016 : 250  
083650, 비에이치아이,2011 : 70  2012 : 210  2013 : 140  2014 : -  
079160, CJ CGV,2013 : 350  2014 : 350  2015 : 350  2016 : 350  
024090, 디씨엠,2013 : 200  2014 : 200  2015 : 200  2016 : 400  
010950, S-Oil,2013 : 1330  2014 : 150  2015 : 2400  2016 : 6200  
131390, 피앤이솔루션,2012 : 60  2013 : -  2014 : -  2015 : -  
041650, 상신브레이크,2013 : 140  2014 : 160  2015 : 170  2016 : 160  
042500, 링네트,2012 : -  2013 : -  2014 : -  2015 : -  
029780, 삼성카드,2013 : 700  2014 : 1000  2015 : 1500  2016 : 1500  
006220, 제주은행,2013 : 100  2014 : 100  2015 : 100  2016 : 100  
007310, 오뚜기,2013 : 3500  2014 : 4000  2015 : 5200  2016 : 6800  
009970, 영원무역홀딩스,2013 : 500  2014 : 500  2015 : 500  2016 : 500  
070590, 한솔인티큐브,2012 : -  2013 : 30  2014 : 30  2015 : 30  
021820, 세원정공,2013 : 100  2014 : 100  2015 : 100  2016 : 100  
016250, 이테크건설,2013 : -  2014 : 500  2015 : 500  2016 : 750  
018670, SK가스,2013 : 1750  2014 : 2050  2015 : 2050  2016 : 2650  
071200, 인피니트헬스케어,2012 : -  2013 : -  2014 : -  2015 : -  
227840, 현대씨앤에프,- : -  - : -  - : -  2015 : 200  
004270, 남성,2013 : 250  2014 : 250  2015 : 25  2016 : 25  
150900, 파수닷컴,2012 : 50  2013 : 50  2014 : 50  2015 : 50  
079170, 한창산업,2013 : 150  2014 : 120  2015 : 100  2016 : 120  
083420, KPX그린케미칼,2013 : 150  2014 : 160  2015 : 160  2016 : 160  
123700, SJM,2013 : 200  2014 : 200  2015 : 200  2016 : 200  
081000, 일진다이아,2013 : 100  2014 : 100  2015 : 150  2016 : 100  
064760, 티씨케이,2013 : 35  2014 : 120  2015 : 240  2016 : 500  
061250, 화일약품,2013 : 100  2014 : 100  2015 : 150  2016 : 150  
026040, 제이에스티나,2013 : 125  2014 : 100  2015 : 100  2016 : 100  
100840, S&TC,2012 : 200  2013 : 300  2014 : 500  2015 : 500  
007540, 샘표식품,2012 : 300  2013 : 300  2014 : 300  2015 : 300  
101930, 인화정공,2013 : 50  2014 : 50  2015 : 50  2016 : 50  
005360, 모나미,2013 : 50  2014 : 50  2015 : 60  2016 : 70  
008870, 금비,2013 : 1200  2014 : 1000  2015 : 1500  2016 : 1800  
243070, 휴온스,- : -  - : -  - : -  2016 : 25  
217820, 엔에스,- : -  2013 : -  2014 : -  2016 : 100  
100660, 서암기계공업,2013 : 75  2014 : 75  2015 : 50  2016 : 50  
093240, 에리트베이직,2012 : 125  2013 : 125  2014 : -  2015 : -  
018620, 우진비앤지,2013 : 54  2014 : 20  2015 : 50  2016 : 25  
122690, 서진오토모티브,2013 : 60  2014 : 60  2015 : 60  2016 : 30  
015350, 부산가스,2013 : 1000  2014 : 500  2015 : 500  2016 : 500  
120030, 조선선재,2012 : -  2013 : -  2014 : -  2016 : 1500  
122450, KMH,2012 : -  2013 : -  2014 : -  2015 : -  
053620, 태양,2012 : 100  2013 : 100  2014 : -  2016 : 190  
054950, 제이브이엠,2013 : -  2014 : -  2015 : -  2016 : 320  
050110, 캠시스,2012 : -  2013 : 30  2014 : -  2015 : -  
139050, 경봉,2012 : 50  2013 : -  2014 : -  2015 : -  
249420, 일동제약,- : -  - : -  - : -  2016 : 400  
142210, 유니트론텍,2013 : 9261  2014 : -  2015 : 831  2016 : 150  
170920, 엘티씨,2013 : 150  2014 : 150  2015 : 150  2016 : 150  
024070, WISCOM,2013 : 300  2014 : 250  2015 : 150  2016 : 100  
080160, 모두투어,2013 : 500  2014 : 510  2015 : 390  2016 : 600  
006400, 삼성SDI,2013 : 1500  2014 : 1000  2015 : 1000  2016 : 1000  
060150, 인선이엔티,2012 : -  2013 : -  2014 : -  2015 : -  
028670, STX팬오션,2012 : -  2013 : -  2014 : -  2015 : -  
027580, 상보,2012 : 150  2013 : -  2014 : -  2015 : -  
040300, YTN,2011 : 25  2012 : 10  2013 : 10  2014 : 10  
006880, 신송홀딩스,2013 : -  2014 : 80  2015 : 80  2016 : 80  
214320, 이노션,2013 : 4000  2014 : 7000  2015 : 900  2016 : 950  
133750, 메가엠디,2013 : -  2014 : -  2015 : -  2016 : 100  
093230, 쉘라인,2012 : -  2013 : -  2014 : -  2015 : -  
039570, 아이콘트롤스,2013 : 2000  2014 : 2000  2015 : 250  2016 : 300  
114810, 아이원스,- : -  - : -  2013 : 50  2014 : 50  
053610, 프로텍,2013 : 80  2014 : 160  2015 : 150  2016 : 150  
900180, 완리,2013 : -  2014 : -  2015 : -  2016 : 50  
085620, 미래에셋생명,2013 : -  2014 : 100  2015 : 55  2016 : 55  
003120, 일성신약,2012 : 300  2013 : 250  2014 : 500  2015 : 750  
029530, 신도리코,2013 : 2250  2014 : 1500  2015 : 1200  2016 : 1500  
060380, 동양에스텍,2013 : 100  2014 : 100  2015 : 100  2016 : 100  
049120, 파인디앤씨,2013 : -  2014 : 25  2015 : 40  2016 : 25  
005300, 롯데칠성,2013 : 3750  2014 : 4900  2015 : 9200  2016 : 10000  
079190, EMW,2012 : -  2013 : -  2014 : -  2015 : -  
004690, 삼천리,2013 : 3000  2014 : 2000  2015 : 2500  2016 : 2500  
002270, 롯데푸드,2013 : 1500  2014 : 2500  2015 : 4780  2016 : 6000  
004450, 삼화왕관,2013 : 1200  2014 : 1250  2015 : 1300  2016 : 1350  
002030, 아세아,2013 : 1000  2014 : 1500  2015 : 1500  2016 : 1500  
131100, 리켐,2012 : -  2013 : -  2014 : -  2015 : -  
014280, 금강공업,2013 : 350  2014 : 400  2015 : 400  2016 : 500  
030720, 동원수산,2011 : 500  2012 : 250  2013 : -  2014 : -  
214330, 금호에이치티,2013 : 3000  2014 : 500  2015 : 125  2016 : 100  
096770, SK이노베이션,2013 : 3200  2014 : -  2015 : 4800  2016 : 6400  
046070, 코다코,2013 : 50  2014 : 50  2015 : 55  2016 : 50  
030960, 양지사,2013 : 50  2014 : 50  2015 : 50  2016 : 50  
054930, 유신,2012 : -  2013 : -  2014 : -  2016 : 200  
018880, 한온시스템,2013 : 970  2014 : 970  2015 : 970  2016 : 225  
237690, 에스티팜,2013 : 9000  2014 : 125  2015 : 250  2016 : 500  
145990, 삼양사,2013 : 1000  2014 : 1500  2015 : 1500  2016 : 1500  
017550, 수산중공업,2013 : -  2014 : 15  2015 : -  2016 : 10  
083450, GST,2011 : 50  2012 : 50  2013 : 50  2014 : 70  
086960, MDS테크,2013 : 260  2014 : 270  2015 : 280  2016 : 280  
042700, 한미반도체,2013 : 500  2014 : 500  2015 : 500  2016 : 500  
123750, 알톤스포츠,2012 : 100  2013 : 70  2014 : 100  2015 : -  
226320, 잇츠스킨,2013 : 250  2014 : 905  2015 : 1915  2016 : 701  
020710, 시공테크,2011 : 60  2012 : 50  2013 : -  2014 : 40  
008600, 윌비스,2012 : -  2013 : -  2014 : 20  2015 : 20  
004000, 롯데정밀화학,2013 : 300  2014 : 300  2015 : 500  2016 : 300  
060370, KT서브마린,2013 : 117  2014 : 120  2015 : 50  2016 : 50  
061460, 한진피앤씨,2012 : -  2013 : -  2014 : -  2015 : -  
006660, 삼성공조,2013 : 50  2014 : 80  2015 : 100  2016 : 90  
091090, 세원셀론텍,2012 : -  2013 : -  2014 : -  2015 : -  
096760, JW홀딩스,2013 : 25  2014 : 25  2015 : 45  2016 : 75  
112610, 씨에스윈드,2013 : 350  2014 : 700  2015 : 300  2016 : 200  
031820, 콤텍시스템,2011 : -  2012 : 30  2013 : 30  2014 : -  
037370, EG,2013 : 50  2014 : 50  2015 : 50  2016 : 50  
106190, 하이텍팜,2013 : 250  2014 : 250  2015 : 150  2016 : 150  
015360, 예스코,2013 : 1250  2014 : 1250  2015 : 1250  2016 : 1500  
120240, 대정화금,2013 : 250  2014 : 250  2015 : 250  2016 : 250  
140070, 서플러스글로벌,2013 : -  2014 : -  2015 : -  2016 : 70  
039310, 세중,2013 : 100  2014 : 100  2015 : 100  2016 : 100  
016450, 한세예스24홀딩스,2013 : 80  2014 : 100  2015 : 120  2016 : 160  
088910, 동우,2012 : -  2013 : -  2014 : -  2015 : 50  
002290, 삼일기업공사,2013 : 150  2014 : 25  2015 : 25  2016 : 90  
111770, 영원무역,2013 : 200  2014 : 200  2015 : 200  2016 : 250  
024060, 흥구석유,2013 : 30  2014 : 50  2015 : 80  2016 : 100  
101730, 조이맥스,2011 : -  2012 : -  2013 : -  2014 : -  
008830, 대동기어,2013 : 300  2014 : 300  2015 : 300  2016 : 200  
007980, 태평양물산,2012 : 450  2013 : 37  2014 : 25  2015 : 20  
006650, 대한유화,2013 : 1000  2014 : 1500  2015 : 3000  2016 : 4000  
064960, S&T모티브,2013 : 600  2014 : 800  2015 : 1000  2016 : 1000  
006890, 태경화학,2013 : 150  2014 : 150  2015 : 150  2016 : 150  